config,trie_type,group_depth,pebble_block_size_kb,benchmark,run,contract,block_number,gas_used,tx_count,execution_ms,state_read_ms,state_hash_ms,commit_ms,total_ms,mgas_per_sec,accounts_read,storage_slots_read,code_read,code_bytes_read,accounts_written,accounts_deleted,storage_slots_written,storage_slots_deleted,code_written,code_bytes_written,account_cache_hits,account_cache_misses,account_cache_hit_rate,storage_cache_hits,storage_cache_misses,storage_cache_hit_rate,code_cache_hits,code_cache_misses,code_cache_hit_rate,code_cache_hit_bytes,code_cache_miss_bytes
pbt,bintrie,5,4,scattered_mixed,10,,829,0,0,0.0465,3.1842,0.1948,0.5501,4.219,0,4,0,0,0,0,0,0,0,0,0,0,4,0,0,0,0,0,0,0,0,0
pbt,bintrie,5,4,scattered_mixed,10,,830,88352,2,0.3878,1.7331,1.8435,5.515,15.2116,5.8082,11,0,0,0,3,0,0,0,1,215,4,7,36.36,0,0,0,0,0,0,0,0
pbt,bintrie,5,4,scattered_mixed,10,,831,15905469,1,13.4671,34.8873,98.6894,63.71,210.9888,75.3854,981,974,975,27487,416,0,414,0,0,0,332,649,33.84,248,726,25.46,975,0,100,27487,0
pbt,bintrie,5,4,scattered_mixed,10,,832,21000,1,0.0635,40.1579,4.4206,2.807,47.6164,0.441,6,0,0,0,2,0,0,0,0,0,2,4,33.33,0,0,0,0,0,0,0,0
pbt,bintrie,5,4,scattered_mixed,10,,833,88352,2,0.0896,13.6544,34.5451,3.4364,51.9042,1.7022,11,0,0,0,3,0,0,0,1,215,5,6,45.45,0,0,0,0,0,0,0,0
pbt,bintrie,5,4,scattered_mixed,10,,834,15926617,1,19.3867,33.5639,63.0558,35.3579,151.5237,105.1097,1289,1282,1283,36111,310,0,308,0,0,0,367,922,28.47,275,1007,21.45,1283,0,100,36111,0
pbt,bintrie,5,4,scattered_mixed,10,,835,21000,1,0.0587,4.1225,25.2912,3.1467,32.7903,0.6404,6,0,0,0,2,0,0,0,0,0,2,4,33.33,0,0,0,0,0,0,0,0
pbt,bintrie,5,4,scattered_mixed,10,,836,88352,2,0.1892,3.332,26.5089,22.4126,52.6088,1.6794,11,0,0,0,3,0,0,0,1,215,5,6,45.45,0,0,0,0,0,0,0,0
pbt,bintrie,5,4,scattered_mixed,10,,837,15926746,1,16.4927,27.1323,46.2253,58.7043,148.7147,107.096,1518,1511,1512,42523,231,0,229,0,0,0,600,918,39.53,538,973,35.61,1512,0,100,42523,0
pbt,bintrie,5,4,scattered_mixed,10,,838,21000,1,0.0662,9.8087,5.0447,13.8964,29.0348,0.7233,6,0,0,0,2,0,0,0,0,0,2,4,33.33,0,0,0,0,0,0,0,0
pbt,bintrie,5,4,scattered_mixed,10,,839,88352,2,1.2394,18.0493,22.5003,5.3625,47.3066,1.8676,11,0,0,0,3,0,0,0,1,215,6,5,54.55,0,0,0,0,0,0,0,0
pbt,bintrie,5,4,scattered_mixed,10,,840,15920344,1,17.7505,26.3407,35.0547,31.6174,110.9695,143.4659,1701,1694,1695,47647,168,0,166,0,0,0,537,1164,31.57,543,1151,32.05,1695,0,100,47647,0
pbt,bintrie,5,4,scattered_mixed,10,,841,21000,1,0.0588,4.5871,27.4535,3.3282,35.6152,0.5896,6,0,0,0,2,0,0,0,0,0,2,4,33.33,0,0,0,0,0,0,0,0
pbt,bintrie,5,4,scattered_mixed,10,,842,88352,2,0.1224,3.2008,26.916,14.6159,44.9939,1.9636,11,0,0,0,3,0,0,0,1,215,5,6,45.45,0,0,0,0,0,0,0,0
pbt,bintrie,5,4,scattered_mixed,10,,843,15921807,1,28.6643,33.9099,20.2741,9.1797,92.21,172.669,2007,2022,2001,56215,59,0,57,0,0,0,486,1521,24.22,510,1512,25.22,2001,0,100,56215,0
pbt,bintrie,5,4,scattered_mixed,10,,844,21000,1,0.196,16.9992,4.8462,2.7643,29.5668,0.7103,6,0,0,0,2,0,0,0,0,0,0,6,0,0,0,0,0,0,0,0,0
pbt,bintrie,5,4,scattered_mixed,11,,845,0,0,0.031,3.0191,0.0833,0.2429,3.5384,0,4,0,0,0,0,0,0,0,0,0,0,4,0,0,0,0,0,0,0,0,0
pbt,bintrie,5,4,scattered_mixed,11,,846,88352,2,0.4228,1.7647,8.7871,7.6036,18.8214,4.6942,11,0,0,0,3,0,0,0,1,215,4,7,36.36,0,0,0,0,0,0,0,0
pbt,bintrie,5,4,scattered_mixed,11,,847,15905469,1,15.0189,40.4468,90.8831,34.2589,180.8228,87.9617,981,974,975,27487,416,0,414,0,0,0,135,846,13.76,120,854,12.32,975,0,100,27487,0
pbt,bintrie,5,4,scattered_mixed,11,,848,21000,1,0.0717,4.1854,26.2951,17.3282,48.0445,0.4371,6,0,0,0,2,0,0,0,0,0,2,4,33.33,0,0,0,0,0,0,0,0
pbt,bintrie,5,4,scattered_mixed,11,,849,88352,2,0.0789,3.1616,14.7582,18.9733,37.137,2.3791,11,0,0,0,3,0,0,0,1,215,6,5,54.55,0,0,0,0,0,0,0,0
pbt,bintrie,5,4,scattered_mixed,11,,850,15926617,1,14.286,29.1693,72.4178,58.4915,174.5609,91.2382,1289,1282,1283,36111,310,0,308,0,0,0,491,798,38.09,380,902,29.64,1283,0,100,36111,0
pbt,bintrie,5,4,scattered_mixed,11,,851,21000,1,0.0624,3.5855,16.3348,3.044,23.1871,0.9057,6,0,0,0,2,0,0,0,0,0,2,4,33.33,0,0,0,0,0,0,0,0
pbt,bintrie,5,4,scattered_mixed,11,,852,88352,2,0.1228,13.9382,28.3956,3.2668,45.9742,1.9218,11,0,0,0,3,0,0,0,1,215,6,5,54.55,0,0,0,0,0,0,0,0
pbt,bintrie,5,4,scattered_mixed,11,,853,15926746,1,16.4878,27.2796,49.3161,47.4349,140.6805,113.2121,1518,1511,1512,42523,231,0,229,0,0,0,638,880,42.03,566,945,37.46,1512,0,100,42523,0
pbt,bintrie,5,4,scattered_mixed,11,,854,21000,1,0.0537,2.7645,27.5196,2.8442,33.3525,0.6296,6,0,0,0,2,0,0,0,0,0,2,4,33.33,0,0,0,0,0,0,0,0
pbt,bintrie,5,4,scattered_mixed,11,,855,88352,2,0.336,17.0751,5.1194,5.1184,27.8597,3.1713,11,0,0,0,3,0,0,0,1,215,5,6,45.45,0,0,0,0,0,0,0,0
pbt,bintrie,5,4,scattered_mixed,11,,856,15920344,1,19.0664,37.4717,61.0953,42.2413,160.1789,99.391,1701,1694,1695,47647,168,0,166,0,0,0,595,1106,34.98,548,1146,32.35,1695,0,100,47647,0
pbt,bintrie,5,4,scattered_mixed,11,,857,21000,1,0.0618,6.3826,13.3868,3.4884,23.4759,0.8945,6,0,0,0,2,0,0,0,0,0,2,4,33.33,0,0,0,0,0,0,0,0
pbt,bintrie,5,4,scattered_mixed,11,,858,88352,2,0.1383,3.1721,26.8158,14.6748,44.9519,1.9655,11,0,0,0,3,0,0,0,1,215,5,6,45.45,0,0,0,0,0,0,0,0
pbt,bintrie,5,4,scattered_mixed,11,,859,15921807,1,23.3124,33.9599,16.8387,9.3772,83.6637,190.3071,2007,2022,2001,56215,59,0,57,0,0,0,591,1416,29.45,599,1423,29.62,2001,0,100,56215,0
pbt,bintrie,5,4,scattered_mixed,11,,860,21000,1,0.0613,2.8906,4.6921,3.0447,10.8796,1.9302,6,0,0,0,2,0,0,0,0,0,2,4,33.33,0,0,0,0,0,0,0,0
pbt,bintrie,5,4,scattered_mixed,12,,861,0,0,0.0532,2.808,0.1381,0.3105,3.5377,0,4,0,0,0,0,0,0,0,0,0,0,4,0,0,0,0,0,0,0,0,0
pbt,bintrie,5,4,scattered_mixed,12,,862,88352,2,0.1543,3.7124,1.2624,6.0912,11.4567,7.7118,11,0,0,0,3,0,0,0,1,215,6,5,54.55,0,0,0,0,0,0,0,0
pbt,bintrie,5,4,scattered_mixed,12,,863,15905469,1,19.4561,37.5288,100.8747,60.7361,219.3531,72.5108,981,974,975,27487,416,0,414,0,0,0,309,672,31.5,253,721,25.98,975,0,100,27487,0
pbt,bintrie,5,4,scattered_mixed,12,,864,21000,1,0.2078,9.8316,1.7903,3.1934,15.5853,1.3474,6,0,0,0,2,0,0,0,0,0,0,6,0,0,0,0,0,0,0,0,0
pbt,bintrie,5,4,scattered_mixed,12,,865,88352,2,0.0815,13.93,26.7713,19.1541,60.1123,1.4698,11,0,0,0,3,0,0,0,1,215,6,5,54.55,0,0,0,0,0,0,0,0
pbt,bintrie,5,4,scattered_mixed,12,,866,15926617,1,14.5943,28.9124,60.4478,55.2165,159.3353,99.9566,1289,1282,1283,36111,310,0,308,0,0,0,316,973,24.52,267,1015,20.83,1283,0,100,36111,0
pbt,bintrie,5,4,scattered_mixed,12,,867,21000,1,0.0563,2.7924,30.5778,2.8452,36.4249,0.5765,6,0,0,0,2,0,0,0,0,0,2,4,33.33,0,0,0,0,0,0,0,0
pbt,bintrie,5,4,scattered_mixed,12,,868,88352,2,0.1228,3.1849,26.4041,13.5766,43.441,2.0338,11,0,0,0,3,0,0,0,1,215,5,6,45.45,0,0,0,0,0,0,0,0
pbt,bintrie,5,4,scattered_mixed,12,,869,15926746,1,18.1772,35.2784,47.0919,32.6019,133.3425,119.4424,1518,1511,1512,42523,231,0,229,0,0,0,566,952,37.29,545,966,36.07,1512,0,100,42523,0
pbt,bintrie,5,4,scattered_mixed,12,,870,21000,1,0.0701,3.4367,30.0105,3.0745,36.9686,0.568,6,0,0,0,2,0,0,0,0,0,2,4,33.33,0,0,0,0,0,0,0,0
pbt,bintrie,5,4,scattered_mixed,12,,871,88352,2,0.1538,3.4436,28.6376,15.0854,47.4855,1.8606,11,0,0,0,3,0,0,0,1,215,5,6,45.45,0,0,0,0,0,0,0,0
pbt,bintrie,5,4,scattered_mixed,12,,872,15920344,1,22.3367,35.6611,49.6638,16.3772,124.2565,128.1248,1701,1694,1695,47647,168,0,166,0,0,0,653,1048,38.39,656,1038,38.72,1695,0,100,47647,0
pbt,bintrie,5,4,scattered_mixed,12,,873,21000,1,0.2023,23.9816,4.5657,2.8514,31.8035,0.6603,6,0,0,0,2,0,0,0,0,0,0,6,0,0,0,0,0,0,0,0,0
pbt,bintrie,5,4,scattered_mixed,12,,874,88352,2,0.1706,20.3953,15.3227,4.3794,40.4815,2.1825,11,0,0,0,3,0,0,0,1,215,5,6,45.45,0,0,0,0,0,0,0,0
pbt,bintrie,5,4,scattered_mixed,12,,875,15921807,1,24.8024,28.4548,17.2599,33.8706,104.5307,152.3171,2007,2022,2001,56215,59,0,57,0,0,0,643,1364,32.04,645,1377,31.9,2001,0,100,56215,0
pbt,bintrie,5,4,scattered_mixed,12,,876,21000,1,0.0446,2.7617,29.8467,2.9954,35.7893,0.5868,6,0,0,0,2,0,0,0,0,0,2,4,33.33,0,0,0,0,0,0,0,0
pbt,bintrie,5,4,scattered_mixed,13,,877,0,0,0.0358,3.6251,0.0876,0.4345,4.4934,0,4,0,0,0,0,0,0,0,0,0,0,4,0,0,0,0,0,0,0,0,0
pbt,bintrie,5,4,scattered_mixed,13,,878,88352,2,0.1088,3.1012,0.8965,6.1097,10.3861,8.5068,11,0,0,0,3,0,0,0,1,215,5,6,45.45,0,0,0,0,0,0,0,0
pbt,bintrie,5,4,scattered_mixed,13,,879,15905469,1,14.494,39.1258,98.4438,60.2636,212.7492,74.7616,981,974,975,27487,416,0,414,0,0,0,495,486,50.46,374,600,38.4,975,0,100,27487,0
pbt,bintrie,5,4,scattered_mixed,13,,880,21000,1,0.2368,11.2026,4.4498,2.8412,19.372,1.084,6,0,0,0,2,0,0,0,0,0,0,6,0,0,0,0,0,0,0,0,0
pbt,bintrie,5,4,scattered_mixed,13,,881,88352,2,0.1038,13.7004,26.122,20.619,60.7319,1.4548,11,0,0,0,3,0,0,0,1,215,5,6,45.45,0,0,0,0,0,0,0,0
pbt,bintrie,5,4,scattered_mixed,13,,882,15926617,1,14.6278,29.9448,61.461,61.0024,167.2236,95.2414,1289,1282,1283,36111,310,0,308,0,0,0,431,858,33.44,368,914,28.71,1283,0,100,36111,0
pbt,bintrie,5,4,scattered_mixed,13,,883,21000,1,0.0691,4.1988,26.7249,3.1409,34.2847,0.6125,6,0,0,0,2,0,0,0,0,0,2,4,33.33,0,0,0,0,0,0,0,0
pbt,bintrie,5,4,scattered_mixed,13,,884,88352,2,0.1078,27.8639,4.9897,3.1049,36.2778,2.4354,11,0,0,0,3,0,0,0,1,215,5,6,45.45,0,0,0,0,0,0,0,0
pbt,bintrie,5,4,scattered_mixed,13,,885,15926746,1,17.8618,28.2496,51.1486,46.7989,144.2326,110.424,1518,1511,1512,42523,231,0,229,0,0,0,630,888,41.5,586,925,38.78,1512,0,100,42523,0
pbt,bintrie,5,4,scattered_mixed,13,,886,21000,1,0.0621,2.8229,28.8638,3.1789,35.09,0.5985,6,0,0,0,2,0,0,0,0,0,2,4,33.33,0,0,0,0,0,0,0,0
pbt,bintrie,5,4,scattered_mixed,13,,887,88352,2,0.1055,3.4483,31.2582,15.0404,50.0138,1.7666,11,0,0,0,3,0,0,0,1,215,6,5,54.55,0,0,0,0,0,0,0,0
pbt,bintrie,5,4,scattered_mixed,13,,888,15920344,1,21.717,33.6653,43.2861,25.7162,124.5636,127.809,1701,1694,1695,47647,168,0,166,0,0,0,439,1262,25.81,411,1283,24.26,1695,0,100,47647,0
pbt,bintrie,5,4,scattered_mixed,13,,889,21000,1,0.0859,15.4341,16.2976,2.8067,34.8007,0.6034,6,0,0,0,2,0,0,0,0,0,2,4,33.33,0,0,0,0,0,0,0,0
pbt,bintrie,5,4,scattered_mixed,13,,890,88352,2,0.154,18.2667,28.9895,4.5228,52.1158,1.6953,11,0,0,0,3,0,0,0,1,215,5,6,45.45,0,0,0,0,0,0,0,0
pbt,bintrie,5,4,scattered_mixed,13,,891,15921807,1,28.6804,32.4887,16.6785,31.0636,109.0657,145.9836,2007,2022,2001,56215,59,0,57,0,0,0,445,1562,22.17,464,1558,22.95,2001,0,100,56215,0
pbt,bintrie,5,4,scattered_mixed,13,,892,21000,1,0.0587,4.5541,28.155,2.9913,35.9217,0.5846,6,0,0,0,2,0,0,0,0,0,2,4,33.33,0,0,0,0,0,0,0,0
pbt,bintrie,5,4,scattered_mixed,14,,893,0,0,0.0469,3.3826,0.1258,0.4353,4.2004,0,4,0,0,0,0,0,0,0,0,0,0,4,0,0,0,0,0,0,0,0,0
pbt,bintrie,5,4,scattered_mixed,14,,894,88352,2,0.073,2.467,13.5173,8.3817,28.6013,3.0891,11,0,0,0,3,0,0,0,1,215,6,5,54.55,0,0,0,0,0,0,0,0
pbt,bintrie,5,4,scattered_mixed,14,,895,15905469,1,12.5648,33.2287,126.1125,34.2753,206.5013,77.0236,981,974,975,27487,416,0,414,0,0,0,382,599,38.94,297,677,30.49,975,0,100,27487,0
pbt,bintrie,5,4,scattered_mixed,14,,896,21000,1,0.0626,2.7952,4.7313,4.2794,12.0266,1.7461,6,0,0,0,2,0,0,0,0,0,2,4,33.33,0,0,0,0,0,0,0,0
pbt,bintrie,5,4,scattered_mixed,14,,897,88352,2,0.1017,16.5697,25.2283,17.9502,60.0205,1.472,11,0,0,0,3,0,0,0,1,215,7,4,63.64,0,0,0,0,0,0,0,0
pbt,bintrie,5,4,scattered_mixed,14,,898,15926617,1,20.3663,34.6799,63.4935,49.9363,168.6966,94.4098,1289,1282,1283,36111,310,0,308,0,0,0,347,942,26.92,269,1013,20.98,1283,0,100,36111,0
pbt,bintrie,5,4,scattered_mixed,14,,899,21000,1,0.0666,8.754,19.9588,2.8113,31.7496,0.6614,6,0,0,0,2,0,0,0,0,0,2,4,33.33,0,0,0,0,0,0,0,0
pbt,bintrie,5,4,scattered_mixed,14,,900,88352,2,0.1251,14.354,25.2885,13.2423,53.2002,1.6607,11,0,0,0,3,0,0,0,1,215,5,6,45.45,0,0,0,0,0,0,0,0
pbt,bintrie,5,4,scattered_mixed,14,,901,15926746,1,16.7579,30.0525,54.2371,33.5543,134.922,118.0441,1518,1511,1512,42523,231,0,229,0,0,0,594,924,39.13,585,926,38.72,1512,0,100,42523,0
pbt,bintrie,5,4,scattered_mixed,14,,902,21000,1,0.0521,2.772,28.3266,2.9673,34.2855,0.6125,6,0,0,0,2,0,0,0,0,0,2,4,33.33,0,0,0,0,0,0,0,0
pbt,bintrie,5,4,scattered_mixed,14,,903,88352,2,0.1039,30.3149,4.9195,4.7241,40.2244,2.1965,11,0,0,0,3,0,0,0,1,215,5,6,45.45,0,0,0,0,0,0,0,0
pbt,bintrie,5,4,scattered_mixed,14,,904,15920344,1,18.5784,27.6097,39.9463,37.8569,124.1402,128.2449,1701,1694,1695,47647,168,0,166,0,0,0,511,1190,30.04,524,1170,30.93,1695,0,100,47647,0
pbt,bintrie,5,4,scattered_mixed,14,,905,21000,1,0.07,22.2313,4.4692,2.9123,29.8561,0.7034,6,0,0,0,2,0,0,0,0,0,2,4,33.33,0,0,0,0,0,0,0,0
pbt,bintrie,5,4,scattered_mixed,14,,906,88352,2,0.135,3.5193,29.845,15.6225,49.3048,1.792,11,0,0,0,3,0,0,0,1,215,5,6,45.45,0,0,0,0,0,0,0,0
pbt,bintrie,5,4,scattered_mixed,14,,907,15921807,1,26.7042,45.0713,17.692,25.9968,115.6263,137.7006,2007,2022,2001,56215,59,0,57,0,0,0,713,1294,35.53,749,1273,37.04,2001,0,100,56215,0
pbt,bintrie,5,4,scattered_mixed,14,,908,21000,1,0.0694,12.4177,19.4406,2.8434,34.9598,0.6007,6,0,0,0,2,0,0,0,0,0,2,4,33.33,0,0,0,0,0,0,0,0
pbt,bintrie,5,4,scattered_mixed,15,,909,0,0,0.0613,5.5947,0.1556,0.3266,6.4051,0,4,0,0,0,0,0,0,0,0,0,0,4,0,0,0,0,0,0,0,0,0
pbt,bintrie,5,4,scattered_mixed,15,,910,88352,2,0.1194,6.0078,12.4521,9.6107,28.3766,3.1136,11,0,0,0,3,0,0,0,1,215,6,5,54.55,0,0,0,0,0,0,0,0
pbt,bintrie,5,4,scattered_mixed,15,,911,15905469,1,11.9162,31.8716,122.8618,56.8814,223.7295,71.0924,981,974,975,27487,416,0,414,0,0,0,242,739,24.67,169,805,17.35,975,0,100,27487,0
pbt,bintrie,5,4,scattered_mixed,15,,912,21000,1,0.1104,3.6492,0.8837,1.2513,6.1103,3.4368,6,0,0,0,2,0,0,0,0,0,2,4,33.33,0,0,0,0,0,0,0,0
pbt,bintrie,5,4,scattered_mixed,15,,913,88352,2,0.1067,14.1765,25.8251,18.5583,58.8688,1.5008,11,0,0,0,3,0,0,0,1,215,5,6,45.45,0,0,0,0,0,0,0,0
pbt,bintrie,5,4,scattered_mixed,15,,914,15926617,1,14.3887,31.0837,73.0364,52.8277,171.5483,92.8404,1289,1282,1283,36111,310,0,308,0,0,0,364,925,28.24,297,985,23.17,1283,0,100,36111,0
pbt,bintrie,5,4,scattered_mixed,15,,915,21000,1,0.065,3.8833,24.8518,3.1019,32.1672,0.6528,6,0,0,0,2,0,0,0,0,0,2,4,33.33,0,0,0,0,0,0,0,0
pbt,bintrie,5,4,scattered_mixed,15,,916,88352,2,0.123,14.9372,24.9925,13.2644,53.56,1.6496,11,0,0,0,3,0,0,0,1,215,5,6,45.45,0,0,0,0,0,0,0,0
pbt,bintrie,5,4,scattered_mixed,15,,917,15926746,1,23.0695,44.9486,47.9756,40.7694,156.9746,101.4607,1518,1511,1512,42523,231,0,229,0,0,0,370,1148,24.37,373,1138,24.69,1512,0,100,42523,0
pbt,bintrie,5,4,scattered_mixed,15,,918,21000,1,0.0623,3.0424,19.1258,2.8709,25.3063,0.8298,6,0,0,0,2,0,0,0,0,0,2,4,33.33,0,0,0,0,0,0,0,0
pbt,bintrie,5,4,scattered_mixed,15,,919,88352,2,0.0948,14.0335,25.025,24.7448,64.1109,1.3781,11,0,0,0,3,0,0,0,1,215,5,6,45.45,0,0,0,0,0,0,0,0
pbt,bintrie,5,4,scattered_mixed,15,,920,15920344,1,25.2866,34.2223,50.3659,38.616,148.6531,107.0973,1701,1694,1695,47647,168,0,166,0,0,0,290,1411,17.05,271,1423,16.0,1695,0,100,47647,0
pbt,bintrie,5,4,scattered_mixed,15,,921,21000,1,0.1459,9.6674,4.9866,3.6163,18.6328,1.127,6,0,0,0,2,0,0,0,0,0,0,6,0,0,0,0,0,0,0,0,0
pbt,bintrie,5,4,scattered_mixed,15,,922,88352,2,0.1135,18.3757,16.4771,4.4919,39.7136,2.2247,11,0,0,0,3,0,0,0,1,215,5,6,45.45,0,0,0,0,0,0,0,0
pbt,bintrie,5,4,scattered_mixed,15,,923,15921807,1,23.4217,24.8687,20.1202,9.5337,78.1088,203.8413,2007,2022,2001,56215,59,0,57,0,0,0,642,1365,31.99,662,1360,32.74,2001,0,100,56215,0
pbt,bintrie,5,4,scattered_mixed,15,,924,21000,1,0.065,4.2306,15.0716,2.8582,22.4114,0.937,6,0,0,0,2,0,0,0,0,0,2,4,33.33,0,0,0,0,0,0,0,0
pbt,bintrie,5,4,scattered_mixed,16,,925,0,0,0.0349,3.0717,0.1463,0.2652,3.715,0,4,0,0,0,0,0,0,0,0,0,0,4,0,0,0,0,0,0,0,0,0
pbt,bintrie,5,4,scattered_mixed,16,,926,88352,2,0.0806,0.9409,15.5447,7.2946,23.979,3.6846,11,0,0,0,3,0,0,0,1,215,6,5,54.55,0,0,0,0,0,0,0,0
pbt,bintrie,5,4,scattered_mixed,16,,927,15905469,1,16.6754,43.4878,131.9462,62.8555,255.1461,62.3387,981,974,975,27487,416,0,414,0,0,0,175,806,17.84,143,831,14.68,975,0,100,27487,0
pbt,bintrie,5,4,scattered_mixed,16,,928,21000,1,0.0728,18.1919,4.387,2.9424,25.7901,0.8143,6,0,0,0,2,0,0,0,0,0,2,4,33.33,0,0,0,0,0,0,0,0
pbt,bintrie,5,4,scattered_mixed,16,,929,88352,2,0.1057,4.5916,26.7188,22.1367,53.6989,1.6453,11,0,0,0,3,0,0,0,1,215,5,6,45.45,0,0,0,0,0,0,0,0
pbt,bintrie,5,4,scattered_mixed,16,,930,15926617,1,16.3609,36.8618,73.9303,45.5955,172.9831,92.0703,1289,1282,1283,36111,310,0,308,0,0,0,538,751,41.74,508,774,39.63,1283,0,100,36111,0
pbt,bintrie,5,4,scattered_mixed,16,,931,21000,1,0.0517,2.7204,7.5574,8.2407,18.7689,1.1189,6,0,0,0,2,0,0,0,0,0,2,4,33.33,0,0,0,0,0,0,0,0
pbt,bintrie,5,4,scattered_mixed,16,,932,88352,2,0.1318,14.1437,25.91,13.154,53.4963,1.6516,11,0,0,0,3,0,0,0,1,215,5,6,45.45,0,0,0,0,0,0,0,0
pbt,bintrie,5,4,scattered_mixed,16,,933,15926746,1,16.699,29.7961,48.2107,31.1503,126.0289,126.3738,1518,1511,1512,42523,231,0,229,0,0,0,515,1003,33.93,492,1019,32.56,1512,0,100,42523,0
pbt,bintrie,5,4,scattered_mixed,16,,934,21000,1,0.0691,14.9164,21.5934,3.0298,39.7728,0.528,6,0,0,0,2,0,0,0,0,0,2,4,33.33,0,0,0,0,0,0,0,0
pbt,bintrie,5,4,scattered_mixed,16,,935,88352,2,0.0869,16.5503,18.1448,4.6543,39.6298,2.2294,11,0,0,0,3,0,0,0,1,215,6,5,54.55,0,0,0,0,0,0,0,0
pbt,bintrie,5,4,scattered_mixed,16,,936,15920344,1,18.4351,28.7324,36.3346,41.8697,125.5355,126.8195,1701,1694,1695,47647,168,0,166,0,0,0,510,1191,29.98,511,1183,30.17,1695,0,100,47647,0
pbt,bintrie,5,4,scattered_mixed,16,,937,21000,1,0.0516,2.6687,27.5841,2.8152,33.2795,0.631,6,0,0,0,2,0,0,0,0,0,2,4,33.33,0,0,0,0,0,0,0,0
pbt,bintrie,5,4,scattered_mixed,16,,938,88352,2,0.1734,28.4369,5.0998,4.3496,38.29,2.3074,11,0,0,0,3,0,0,0,1,215,5,6,45.45,0,0,0,0,0,0,0,0
pbt,bintrie,5,4,scattered_mixed,16,,939,15921807,1,31.1058,32.1937,16.3428,41.205,121.0709,131.5082,2007,2022,2001,56215,59,0,57,0,0,0,439,1568,21.87,467,1555,23.1,2001,0,100,56215,0
pbt,bintrie,5,4,scattered_mixed,16,,940,21000,1,0.0549,2.7155,30.1642,2.8826,35.9851,0.5836,6,0,0,0,2,0,0,0,0,0,2,4,33.33,0,0,0,0,0,0,0,0
pbt,bintrie,5,4,scattered_mixed,17,,941,0,0,0.0342,2.6973,0.0819,0.2972,3.3292,0,4,0,0,0,0,0,0,0,0,0,0,4,0,0,0,0,0,0,0,0,0
pbt,bintrie,5,4,scattered_mixed,17,,942,88352,2,0.1459,3.1225,0.9482,7.2311,12.741,6.9344,11,0,0,0,3,0,0,0,1,215,5,6,45.45,0,0,0,0,0,0,0,0
pbt,bintrie,5,4,scattered_mixed,17,,943,15905469,1,14.4399,41.0145,95.2006,59.3388,210.2793,75.6397,981,974,975,27487,416,0,414,0,0,0,439,542,44.75,356,618,36.55,975,0,100,27487,0
pbt,bintrie,5,4,scattered_mixed,17,,944,21000,1,0.2566,12.6324,4.0554,2.877,20.4215,1.0283,6,0,0,0,2,0,0,0,0,0,0,6,0,0,0,0,0,0,0,0,0
pbt,bintrie,5,4,scattered_mixed,17,,945,88352,2,0.1238,25.5412,5.1162,3.6035,34.6679,2.5485,11,0,0,0,3,0,0,0,1,215,6,5,54.55,0,0,0,0,0,0,0,0
pbt,bintrie,5,4,scattered_mixed,17,,946,15926617,1,15.5143,31.3292,74.2912,26.6311,147.9367,107.6583,1289,1282,1283,36111,310,0,308,0,0,0,454,835,35.22,434,848,33.85,1283,0,100,36111,0
pbt,bintrie,5,4,scattered_mixed,17,,947,21000,1,0.0983,17.6989,4.4859,2.8499,25.3261,0.8292,6,0,0,0,2,0,0,0,0,0,2,4,33.33,0,0,0,0,0,0,0,0
pbt,bintrie,5,4,scattered_mixed,17,,948,88352,2,0.0855,13.6946,25.7418,13.3475,53.0444,1.6656,11,0,0,0,3,0,0,0,1,215,6,5,54.55,0,0,0,0,0,0,0,0
pbt,bintrie,5,4,scattered_mixed,17,,949,15926746,1,18.3538,33.4897,50.6039,45.3934,148.0294,107.5918,1518,1511,1512,42523,231,0,229,0,0,0,674,844,44.4,665,846,44.01,1512,0,100,42523,0
pbt,bintrie,5,4,scattered_mixed,17,,950,21000,1,0.0638,3.0634,19.0186,2.7504,25.0504,0.8383,6,0,0,0,2,0,0,0,0,0,2,4,33.33,0,0,0,0,0,0,0,0
pbt,bintrie,5,4,scattered_mixed,17,,951,88352,2,0.1019,22.9987,4.8337,5.3534,33.5023,2.6372,11,0,0,0,3,0,0,0,1,215,5,6,45.45,0,0,0,0,0,0,0,0
pbt,bintrie,5,4,scattered_mixed,17,,952,15920344,1,18.4203,28.0932,40.1649,37.4703,124.328,128.0512,1701,1694,1695,47647,168,0,166,0,0,0,508,1193,29.86,492,1202,29.04,1695,0,100,47647,0
pbt,bintrie,5,4,scattered_mixed,17,,953,21000,1,0.0745,3.5852,24.6,2.8035,31.2635,0.6717,6,0,0,0,2,0,0,0,0,0,2,4,33.33,0,0,0,0,0,0,0,0
pbt,bintrie,5,4,scattered_mixed,17,,954,88352,2,0.1626,24.2525,5.544,4.6475,37.2046,2.3748,11,0,0,0,3,0,0,0,1,215,6,5,54.55,0,0,0,0,0,0,0,0
pbt,bintrie,5,4,scattered_mixed,17,,955,15921807,1,29.2804,29.5299,17.0086,33.8179,109.7842,145.0282,2007,2022,2001,56215,59,0,57,0,0,0,549,1458,27.35,578,1444,28.59,2001,0,100,56215,0
pbt,bintrie,5,4,scattered_mixed,17,,956,21000,1,0.0544,2.7424,23.0283,2.8055,28.7896,0.7294,6,0,0,0,2,0,0,0,0,0,2,4,33.33,0,0,0,0,0,0,0,0
pbt,bintrie,5,4,scattered_mixed,18,,957,0,0,0.0321,3.0297,0.0787,0.2638,3.5949,0,4,0,0,0,0,0,0,0,0,0,0,4,0,0,0,0,0,0,0,0,0
pbt,bintrie,5,4,scattered_mixed,18,,958,88352,2,0.1369,15.0729,0.8265,5.5975,21.8123,4.0506,11,0,0,0,3,0,0,0,1,215,5,6,45.45,0,0,0,0,0,0,0,0
pbt,bintrie,5,4,scattered_mixed,18,,959,15905469,1,16.5191,42.2999,109.4097,53.7007,222.3135,71.5452,981,974,975,27487,416,0,414,0,0,0,321,660,32.72,236,738,24.23,975,0,100,27487,0
pbt,bintrie,5,4,scattered_mixed,18,,960,21000,1,0.154,20.0156,6.3716,2.7915,42.4517,0.4947,6,0,0,0,2,0,0,0,0,0,0,6,0,0,0,0,0,0,0,0,0
pbt,bintrie,5,4,scattered_mixed,18,,961,88352,2,0.1321,26.1737,6.3721,3.8005,36.6558,2.4103,11,0,0,0,3,0,0,0,1,215,5,6,45.45,0,0,0,0,0,0,0,0
pbt,bintrie,5,4,scattered_mixed,18,,962,15926617,1,16.1542,32.1468,72.7104,27.7869,148.9481,106.9273,1289,1282,1283,36111,310,0,308,0,0,0,277,1012,21.49,263,1019,20.51,1283,0,100,36111,0
pbt,bintrie,5,4,scattered_mixed,18,,963,21000,1,0.0855,2.8643,4.4073,2.7764,10.5058,1.9989,6,0,0,0,2,0,0,0,0,0,2,4,33.33,0,0,0,0,0,0,0,0
pbt,bintrie,5,4,scattered_mixed,18,,964,88352,2,0.1426,13.8751,32.4325,3.1788,49.8014,1.7741,11,0,0,0,3,0,0,0,1,215,5,6,45.45,0,0,0,0,0,0,0,0
pbt,bintrie,5,4,scattered_mixed,18,,965,15926746,1,16.678,29.2046,48.8364,34.7374,129.6432,122.8506,1518,1511,1512,42523,231,0,229,0,0,0,489,1029,32.21,483,1028,31.97,1512,0,100,42523,0
pbt,bintrie,5,4,scattered_mixed,18,,966,21000,1,0.0614,4.2643,5.1508,13.772,23.4283,0.8964,6,0,0,0,2,0,0,0,0,0,2,4,33.33,0,0,0,0,0,0,0,0
pbt,bintrie,5,4,scattered_mixed,18,,967,88352,2,0.1092,13.6635,25.2459,15.0834,54.3164,1.6266,11,0,0,0,3,0,0,0,1,215,5,6,45.45,0,0,0,0,0,0,0,0
pbt,bintrie,5,4,scattered_mixed,18,,968,15920344,1,23.7591,36.3119,36.7368,26.6957,123.6556,128.7475,1701,1694,1695,47647,168,0,166,0,0,0,689,1012,40.51,673,1021,39.73,1695,0,100,47647,0
pbt,bintrie,5,4,scattered_mixed,18,,969,21000,1,0.0617,2.8202,33.6129,2.8752,39.4987,0.5317,6,0,0,0,2,0,0,0,0,0,2,4,33.33,0,0,0,0,0,0,0,0
pbt,bintrie,5,4,scattered_mixed,18,,970,88352,2,0.1413,3.5693,26.2757,13.8841,44.034,2.0065,11,0,0,0,3,0,0,0,1,215,5,6,45.45,0,0,0,0,0,0,0,0
pbt,bintrie,5,4,scattered_mixed,18,,971,15921807,1,27.0854,31.6158,27.7631,9.5754,96.2308,165.4544,2007,2022,2001,56215,59,0,57,0,0,0,543,1464,27.06,578,1444,28.59,2001,0,100,56215,0
pbt,bintrie,5,4,scattered_mixed,18,,972,21000,1,0.0558,2.7023,4.7885,2.7498,10.4724,2.0053,6,0,0,0,2,0,0,0,0,0,2,4,33.33,0,0,0,0,0,0,0,0
pbt,bintrie,5,4,scattered_mixed,19,,973,0,0,0.0457,3.249,0.156,0.5188,4.3487,0,4,0,0,0,0,0,0,0,0,0,0,4,0,0,0,0,0,0,0,0,0
pbt,bintrie,5,4,scattered_mixed,19,,974,88352,2,0.1155,1.427,0.7462,7.9581,10.408,8.4889,11,0,0,0,3,0,0,0,1,215,5,6,45.45,0,0,0,0,0,0,0,0
pbt,bintrie,5,4,scattered_mixed,19,,975,15905469,1,16.5216,57.9637,121.2102,47.0274,243.0271,65.4473,981,974,975,27487,416,0,414,0,0,0,325,656,33.13,279,695,28.64,975,0,100,27487,0
pbt,bintrie,5,4,scattered_mixed,19,,976,21000,1,0.0681,4.1964,12.9236,1.1713,18.5205,1.1339,6,0,0,0,2,0,0,0,0,0,2,4,33.33,0,0,0,0,0,0,0,0
pbt,bintrie,5,4,scattered_mixed,19,,977,88352,2,0.126,14.1494,25.1441,14.3673,53.9609,1.6373,11,0,0,0,3,0,0,0,1,215,5,6,45.45,0,0,0,0,0,0,0,0
pbt,bintrie,5,4,scattered_mixed,19,,978,15926617,1,19.2248,33.1274,72.9761,65.6608,191.2589,83.2726,1289,1282,1283,36111,310,0,308,0,0,0,534,755,41.43,487,795,37.99,1283,0,100,36111,0
pbt,bintrie,5,4,scattered_mixed,19,,979,21000,1,0.0567,2.7235,25.086,2.7932,31.0261,0.6769,6,0,0,0,2,0,0,0,0,0,2,4,33.33,0,0,0,0,0,0,0,0
pbt,bintrie,5,4,scattered_mixed,19,,980,88352,2,0.1243,18.2005,7.0083,3.385,28.8525,3.0622,11,0,0,0,3,0,0,0,1,215,6,5,54.55,0,0,0,0,0,0,0,0
pbt,bintrie,5,4,scattered_mixed,19,,981,15926746,1,21.3617,35.2417,76.0969,47.7793,180.7802,88.1001,1518,1511,1512,42523,231,0,229,0,0,0,614,904,40.45,581,930,38.45,1512,0,100,42523,0
pbt,bintrie,5,4,scattered_mixed,19,,982,21000,1,0.0524,2.7431,5.6209,13.8212,22.4038,0.9373,6,0,0,0,2,0,0,0,0,0,2,4,33.33,0,0,0,0,0,0,0,0
pbt,bintrie,5,4,scattered_mixed,19,,983,88352,2,0.0911,14.2423,26.8276,15.3649,56.7301,1.5574,11,0,0,0,3,0,0,0,1,215,6,5,54.55,0,0,0,0,0,0,0,0
pbt,bintrie,5,4,scattered_mixed,19,,984,15920344,1,20.7014,37.297,47.0386,16.7476,122.0768,130.4125,1701,1694,1695,47647,168,0,166,0,0,0,385,1316,22.63,377,1317,22.26,1695,0,100,47647,0
pbt,bintrie,5,4,scattered_mixed,19,,985,21000,1,0.0627,29.6956,4.4185,2.7999,37.2226,0.5642,6,0,0,0,2,0,0,0,0,0,2,4,33.33,0,0,0,0,0,0,0,0
pbt,bintrie,5,4,scattered_mixed,19,,986,88352,2,0.1297,14.0849,25.8356,14.5273,54.784,1.6127,11,0,0,0,3,0,0,0,1,215,5,6,45.45,0,0,0,0,0,0,0,0
pbt,bintrie,5,4,scattered_mixed,19,,987,15921807,1,23.6374,28.5943,27.697,9.3077,89.4259,178.0448,2007,2022,2001,56215,59,0,57,0,0,0,628,1379,31.29,667,1355,32.99,2001,0,100,56215,0
pbt,bintrie,5,4,scattered_mixed,19,,988,21000,1,0.0602,2.9522,4.4537,2.8685,10.4805,2.0037,6,0,0,0,2,0,0,0,0,0,2,4,33.33,0,0,0,0,0,0,0,0
pbt,bintrie,5,4,scattered_mixed,1,,685,0,0,0.053,5.5149,0.1619,0.444,6.3634,0,4,0,0,0,0,0,0,0,0,0,0,4,0,0,0,0,0,0,0,0,0
pbt,bintrie,5,4,scattered_mixed,1,,686,88352,2,0.1026,2.8691,16.4897,19.1128,38.9445,2.2687,11,0,0,0,3,0,0,0,1,215,5,6,45.45,0,0,0,0,0,0,0,0
pbt,bintrie,5,4,scattered_mixed,1,,687,15905469,1,15.0578,100.0712,108.3678,55.1877,278.8796,57.0335,981,974,975,27487,416,0,414,0,0,0,475,506,48.42,394,580,40.45,975,0,100,27487,0
pbt,bintrie,5,4,scattered_mixed,1,,688,21000,1,0.1079,20.3223,10.7046,17.431,48.7692,0.4306,6,0,0,0,2,0,0,0,0,0,2,4,33.33,0,0,0,0,0,0,0,0
pbt,bintrie,5,4,scattered_mixed,1,,689,88352,2,0.0979,13.9403,27.2335,16.4292,57.8629,1.5269,11,0,0,0,3,0,0,0,1,215,5,6,45.45,0,0,0,0,0,0,0,0
pbt,bintrie,5,4,scattered_mixed,1,,690,15926617,1,16.1804,56.4275,95.5488,27.4191,195.7718,81.353,1289,1282,1283,36111,310,0,308,0,0,0,555,734,43.06,551,731,42.98,1283,0,100,36111,0
pbt,bintrie,5,4,scattered_mixed,1,,691,21000,1,0.0649,3.4823,21.3473,2.8869,27.9585,0.7511,6,0,0,0,2,0,0,0,0,0,2,4,33.33,0,0,0,0,0,0,0,0
pbt,bintrie,5,4,scattered_mixed,1,,692,88352,2,0.0983,13.6221,25.1119,3.1337,42.1524,2.096,11,0,0,0,3,0,0,0,1,215,5,6,45.45,0,0,0,0,0,0,0,0
pbt,bintrie,5,4,scattered_mixed,1,,693,15926746,1,16.2221,46.661,50.1251,20.5903,133.744,119.0838,1518,1511,1512,42523,231,0,229,0,0,0,877,641,57.77,857,654,56.72,1512,0,100,42523,0
pbt,bintrie,5,4,scattered_mixed,1,,694,21000,1,0.0735,3.1554,4.7865,2.739,10.944,1.9189,6,0,0,0,2,0,0,0,0,0,2,4,33.33,0,0,0,0,0,0,0,0
pbt,bintrie,5,4,scattered_mixed,1,,695,88352,2,0.1092,15.9112,6.5245,13.3028,36.0746,2.4491,11,0,0,0,3,0,0,0,1,215,7,4,63.64,0,0,0,0,0,0,0,0
pbt,bintrie,5,4,scattered_mixed,1,,696,15920344,1,26.684,62.5421,54.2449,15.7463,159.4207,99.8637,1701,1694,1695,47647,168,0,166,0,0,0,338,1363,19.87,260,1434,15.35,1695,0,100,47647,0
pbt,bintrie,5,4,scattered_mixed,1,,697,21000,1,0.0613,2.8347,4.573,2.828,10.4557,2.0085,6,0,0,0,2,0,0,0,0,0,2,4,33.33,0,0,0,0,0,0,0,0
pbt,bintrie,5,4,scattered_mixed,1,,698,88352,2,0.1416,17.0528,28.4536,2.9361,48.7541,1.8122,11,0,0,0,3,0,0,0,1,215,5,6,45.45,0,0,0,0,0,0,0,0
pbt,bintrie,5,4,scattered_mixed,1,,699,15921807,1,29.8127,32.7429,17.5054,23.8542,104.0863,152.9674,2007,2022,2001,56215,59,0,57,0,0,0,1196,811,59.59,1222,800,60.44,2001,0,100,56215,0
pbt,bintrie,5,4,scattered_mixed,1,,700,21000,1,0.1221,2.8004,18.4359,13.0614,34.5557,0.6077,6,0,0,0,2,0,0,0,0,0,0,6,0,0,0,0,0,0,0,0,0
pbt,bintrie,5,4,scattered_mixed,20,,989,0,0,0.0366,3.0293,0.0851,0.2773,3.6692,0,4,0,0,0,0,0,0,0,0,0,0,4,0,0,0,0,0,0,0,0,0
pbt,bintrie,5,4,scattered_mixed,20,,990,88352,2,0.1137,3.3775,1.0407,6.7703,12.8097,6.8973,11,0,0,0,3,0,0,0,1,215,6,5,54.55,0,0,0,0,0,0,0,0
pbt,bintrie,5,4,scattered_mixed,20,,991,15905469,1,15.1598,38.7829,107.2534,60.0532,221.9825,71.6519,981,974,975,27487,416,0,414,0,0,0,619,362,63.1,477,497,48.97,975,0,100,27487,0
pbt,bintrie,5,4,scattered_mixed,20,,992,21000,1,0.0929,2.9489,4.4954,3.6344,11.3814,1.8451,6,0,0,0,2,0,0,0,0,0,2,4,33.33,0,0,0,0,0,0,0,0
pbt,bintrie,5,4,scattered_mixed,20,,993,88352,2,0.1435,14.0389,28.8586,13.7827,57.0041,1.5499,11,0,0,0,3,0,0,0,1,215,5,6,45.45,0,0,0,0,0,0,0,0
pbt,bintrie,5,4,scattered_mixed,20,,994,15926617,1,15.574,33.9188,71.7913,53.633,175.2151,90.8975,1289,1282,1283,36111,310,0,308,0,0,0,435,854,33.75,384,898,29.95,1283,0,100,36111,0
pbt,bintrie,5,4,scattered_mixed,20,,995,21000,1,0.056,4.8938,10.6581,5.1972,20.9855,1.0007,6,0,0,0,2,0,0,0,0,0,2,4,33.33,0,0,0,0,0,0,0,0
pbt,bintrie,5,4,scattered_mixed,20,,996,88352,2,0.1326,3.5469,25.9875,13.3565,43.2441,2.0431,11,0,0,0,3,0,0,0,1,215,5,6,45.45,0,0,0,0,0,0,0,0
pbt,bintrie,5,4,scattered_mixed,20,,997,15926746,1,19.6565,41.3446,48.3538,35.2601,144.8036,109.9886,1518,1511,1512,42523,231,0,229,0,0,0,184,1334,12.12,188,1323,12.44,1512,0,100,42523,0
pbt,bintrie,5,4,scattered_mixed,20,,998,21000,1,0.0654,16.9303,30.8808,2.8605,50.9229,0.4124,6,0,0,0,2,0,0,0,0,0,2,4,33.33,0,0,0,0,0,0,0,0
pbt,bintrie,5,4,scattered_mixed,20,,999,88352,2,0.1258,14.369,26.0456,14.9421,55.6469,1.5877,11,0,0,0,3,0,0,0,1,215,7,4,63.64,0,0,0,0,0,0,0,0
pbt,bintrie,5,4,scattered_mixed,20,,1000,15920344,1,19.1486,29.6219,40.6669,34.9698,124.56,127.8127,1701,1694,1695,47647,168,0,166,0,0,0,622,1079,36.57,653,1041,38.55,1695,0,100,47647,0
pbt,bintrie,5,4,scattered_mixed,20,,1001,21000,1,0.055,2.8461,19.1293,2.7433,24.9463,0.8418,6,0,0,0,2,0,0,0,0,0,2,4,33.33,0,0,0,0,0,0,0,0
pbt,bintrie,5,4,scattered_mixed,20,,1002,88352,2,0.1248,18.1671,16.1146,4.8163,39.377,2.2437,11,0,0,0,3,0,0,0,1,215,5,6,45.45,0,0,0,0,0,0,0,0
pbt,bintrie,5,4,scattered_mixed,20,,1003,15921807,1,21.7743,26.3573,16.9057,25.0404,90.2517,176.4156,2007,2022,2001,56215,59,0,57,0,0,0,581,1426,28.95,627,1395,31.01,2001,0,100,56215,0
pbt,bintrie,5,4,scattered_mixed,20,,1004,21000,1,0.0602,4.0721,29.6166,2.9899,36.88,0.5694,6,0,0,0,2,0,0,0,0,0,2,4,33.33,0,0,0,0,0,0,0,0
pbt,bintrie,5,4,scattered_mixed,21,,1005,0,0,0.0699,5.1369,0.1961,0.3742,6.045,0,4,0,0,0,0,0,0,0,0,0,0,4,0,0,0,0,0,0,0,0,0
pbt,bintrie,5,4,scattered_mixed,21,,1006,88352,2,0.2281,1.8032,1.6175,6.7201,10.552,8.373,11,0,0,0,3,0,0,0,1,215,4,7,36.36,0,0,0,0,0,0,0,0
pbt,bintrie,5,4,scattered_mixed,21,,1007,15905469,1,12.4723,44.8698,97.6809,34.7619,190.1647,83.6405,981,974,975,27487,416,0,414,0,0,0,246,735,25.08,170,804,17.45,975,0,100,27487,0
pbt,bintrie,5,4,scattered_mixed,21,,1008,21000,1,0.0668,3.328,25.7983,23.0604,52.4742,0.4002,6,0,0,0,2,0,0,0,0,0,2,4,33.33,0,0,0,0,0,0,0,0
pbt,bintrie,5,4,scattered_mixed,21,,1009,88352,2,0.1194,13.6844,26.72,3.6092,44.2977,1.9945,11,0,0,0,3,0,0,0,1,215,6,5,54.55,0,0,0,0,0,0,0,0
pbt,bintrie,5,4,scattered_mixed,21,,1010,15926617,1,16.6664,42.983,71.3397,27.0111,158.2188,100.662,1289,1282,1283,36111,310,0,308,0,0,0,390,899,30.26,340,942,26.52,1283,0,100,36111,0
pbt,bintrie,5,4,scattered_mixed,21,,1011,21000,1,0.2071,11.5277,7.5943,2.9295,29.8043,0.7046,6,0,0,0,2,0,0,0,0,0,0,6,0,0,0,0,0,0,0,0,0
pbt,bintrie,5,4,scattered_mixed,21,,1012,88352,2,0.1019,14.8767,38.4729,3.3225,57.0002,1.55,11,0,0,0,3,0,0,0,1,215,5,6,45.45,0,0,0,0,0,0,0,0
pbt,bintrie,5,4,scattered_mixed,21,,1013,15926746,1,22.4488,37.454,51.2726,38.9765,150.3324,105.9435,1518,1511,1512,42523,231,0,229,0,0,0,297,1221,19.57,301,1210,19.92,1512,0,100,42523,0
pbt,bintrie,5,4,scattered_mixed,21,,1014,21000,1,0.0717,4.1225,26.6917,3.0641,34.1481,0.615,6,0,0,0,2,0,0,0,0,0,2,4,33.33,0,0,0,0,0,0,0,0
pbt,bintrie,5,4,scattered_mixed,21,,1015,88352,2,0.535,27.3632,4.7851,4.8858,37.7324,2.3415,11,0,0,0,3,0,0,0,1,215,5,6,45.45,0,0,0,0,0,0,0,0
pbt,bintrie,5,4,scattered_mixed,21,,1016,15920344,1,18.4634,28.1745,36.1853,42.7525,125.7194,126.634,1701,1694,1695,47647,168,0,166,0,0,0,501,1200,29.45,509,1185,30.05,1695,0,100,47647,0
pbt,bintrie,5,4,scattered_mixed,21,,1017,21000,1,0.0643,2.8372,26.8349,2.8708,32.785,0.6405,6,0,0,0,2,0,0,0,0,0,2,4,33.33,0,0,0,0,0,0,0,0
pbt,bintrie,5,4,scattered_mixed,21,,1018,88352,2,0.1066,3.4455,26.5092,20.4492,50.6625,1.7439,11,0,0,0,3,0,0,0,1,215,5,6,45.45,0,0,0,0,0,0,0,0
pbt,bintrie,5,4,scattered_mixed,21,,1019,15921807,1,23.3586,26.719,27.0383,29.1326,106.4391,149.5861,2007,2022,2001,56215,59,0,57,0,0,0,634,1373,31.59,679,1343,33.58,2001,0,100,56215,0
pbt,bintrie,5,4,scattered_mixed,21,,1020,21000,1,0.0592,3.6626,15.7573,3.0558,22.7111,0.9247,6,0,0,0,2,0,0,0,0,0,2,4,33.33,0,0,0,0,0,0,0,0
pbt,bintrie,5,4,scattered_mixed,22,,1021,0,0,0.0289,2.8707,0.2413,0.4755,3.8066,0,4,0,0,0,0,0,0,0,0,0,0,4,0,0,0,0,0,0,0,0,0
pbt,bintrie,5,4,scattered_mixed,22,,1022,88352,2,0.2946,0.978,0.7996,7.1597,21.4653,4.116,11,0,0,0,3,0,0,0,1,215,6,5,54.55,0,0,0,0,0,0,0,0
pbt,bintrie,5,4,scattered_mixed,22,,1023,15905469,1,20.2156,57.3984,92.4533,60.8477,231.4925,68.7084,981,974,975,27487,416,0,414,0,0,0,318,663,32.42,295,679,30.29,975,0,100,27487,0
pbt,bintrie,5,4,scattered_mixed,22,,1024,21000,1,0.0589,2.9439,5.8884,3.3462,12.3991,1.6937,6,0,0,0,2,0,0,0,0,0,2,4,33.33,0,0,0,0,0,0,0,0
pbt,bintrie,5,4,scattered_mixed,22,,1025,88352,2,0.1387,23.001,5.3354,3.5415,32.167,2.7467,11,0,0,0,3,0,0,0,1,215,5,6,45.45,0,0,0,0,0,0,0,0
pbt,bintrie,5,4,scattered_mixed,22,,1026,15926617,1,14.4005,29.3117,70.8989,26.6371,141.4196,112.6196,1289,1282,1283,36111,310,0,308,0,0,0,404,885,31.34,368,914,28.71,1283,0,100,36111,0
pbt,bintrie,5,4,scattered_mixed,22,,1027,21000,1,0.0626,2.9277,4.7038,2.7509,10.6261,1.9763,6,0,0,0,2,0,0,0,0,0,2,4,33.33,0,0,0,0,0,0,0,0
pbt,bintrie,5,4,scattered_mixed,22,,1028,88352,2,0.1387,26.4849,5.1832,3.1877,35.153,2.5134,11,0,0,0,3,0,0,0,1,215,5,6,45.45,0,0,0,0,0,0,0,0
pbt,bintrie,5,4,scattered_mixed,22,,1029,15926746,1,16.6293,27.1356,51.1466,46.7957,141.8879,112.2488,1518,1511,1512,42523,231,0,229,0,0,0,559,959,36.82,588,923,38.91,1512,0,100,42523,0
pbt,bintrie,5,4,scattered_mixed,22,,1030,21000,1,0.0633,16.5139,4.7941,13.2427,34.8136,0.6032,6,0,0,0,2,0,0,0,0,0,2,4,33.33,0,0,0,0,0,0,0,0
pbt,bintrie,5,4,scattered_mixed,22,,1031,88352,2,0.3571,27.8013,4.8662,4.8617,38.0485,2.3221,11,0,0,0,3,0,0,0,1,215,5,6,45.45,0,0,0,0,0,0,0,0
pbt,bintrie,5,4,scattered_mixed,22,,1032,15920344,1,17.8363,29.0018,40.135,40.6199,127.7428,124.6282,1701,1694,1695,47647,168,0,166,0,0,0,330,1371,19.4,367,1327,21.66,1695,0,100,47647,0
pbt,bintrie,5,4,scattered_mixed,22,,1033,21000,1,0.0685,2.8528,28.4477,2.9339,34.4766,0.6091,6,0,0,0,2,0,0,0,0,0,2,4,33.33,0,0,0,0,0,0,0,0
pbt,bintrie,5,4,scattered_mixed,22,,1034,88352,2,0.1347,14.1219,26.1501,15.1797,55.7748,1.5841,11,0,0,0,3,0,0,0,1,215,5,6,45.45,0,0,0,0,0,0,0,0
pbt,bintrie,5,4,scattered_mixed,22,,1035,15921807,1,27.9959,39.9475,22.6193,11.639,102.3475,155.5661,2007,2022,2001,56215,59,0,57,0,0,0,476,1531,23.72,488,1534,24.13,2001,0,100,56215,0
pbt,bintrie,5,4,scattered_mixed,22,,1036,21000,1,0.0618,13.7483,0.6575,14.097,30.7966,0.6819,6,0,0,0,2,0,0,0,0,0,0,6,0,0,0,0,0,0,0,0,0
pbt,bintrie,5,4,scattered_mixed,23,,1037,0,0,0.0455,2.899,0.1392,0.3101,3.6132,0,4,0,0,0,0,0,0,0,0,0,0,4,0,0,0,0,0,0,0,0,0
pbt,bintrie,5,4,scattered_mixed,23,,1038,88352,2,0.1119,1.1436,3.0626,7.0375,11.5279,7.6642,11,0,0,0,3,0,0,0,1,215,4,7,36.36,0,0,0,0,0,0,0,0
pbt,bintrie,5,4,scattered_mixed,23,,1039,15905469,1,15.4962,44.9101,101.2093,35.2354,197.0212,80.7297,981,974,975,27487,416,0,414,0,0,0,404,577,41.18,336,638,34.5,975,0,100,27487,0
pbt,bintrie,5,4,scattered_mixed,23,,1040,21000,1,0.0857,4.2325,26.2715,17.486,48.2725,0.435,6,0,0,0,2,0,0,0,0,0,2,4,33.33,0,0,0,0,0,0,0,0
pbt,bintrie,5,4,scattered_mixed,23,,1041,88352,2,0.1238,28.6061,4.8581,3.6916,37.5079,2.3556,11,0,0,0,3,0,0,0,1,215,5,6,45.45,0,0,0,0,0,0,0,0
pbt,bintrie,5,4,scattered_mixed,23,,1042,15926617,1,17.1047,35.1512,74.2448,35.3663,162.0647,98.2732,1289,1282,1283,36111,310,0,308,0,0,0,351,938,27.23,358,924,27.93,1283,0,100,36111,0
pbt,bintrie,5,4,scattered_mixed,23,,1043,21000,1,0.2109,25.0634,4.4227,2.8115,32.7355,0.6415,6,0,0,0,2,0,0,0,0,0,0,6,0,0,0,0,0,0,0,0,0
pbt,bintrie,5,4,scattered_mixed,23,,1044,88352,2,0.086,13.7742,30.767,3.08,47.9252,1.8435,11,0,0,0,3,0,0,0,1,215,7,4,63.64,0,0,0,0,0,0,0,0
pbt,bintrie,5,4,scattered_mixed,23,,1045,15926746,1,20.3359,32.0285,51.4031,48.0647,152.0353,104.7569,1518,1511,1512,42523,231,0,229,0,0,0,494,1024,32.54,457,1054,30.24,1512,0,100,42523,0
pbt,bintrie,5,4,scattered_mixed,23,,1046,21000,1,0.0526,2.739,29.792,2.8858,35.6237,0.5895,6,0,0,0,2,0,0,0,0,0,2,4,33.33,0,0,0,0,0,0,0,0
pbt,bintrie,5,4,scattered_mixed,23,,1047,88352,2,0.1017,14.8811,26.8309,19.4545,61.4433,1.4379,11,0,0,0,3,0,0,0,1,215,5,6,45.45,0,0,0,0,0,0,0,0
pbt,bintrie,5,4,scattered_mixed,23,,1048,15920344,1,18.1805,28.3529,48.0695,37.7439,132.5085,120.1458,1701,1694,1695,47647,168,0,166,0,0,0,605,1096,35.57,594,1100,35.06,1695,0,100,47647,0
pbt,bintrie,5,4,scattered_mixed,23,,1049,21000,1,0.1175,14.0016,4.5589,5.639,24.5145,0.8566,6,0,0,0,2,0,0,0,0,0,0,6,0,0,0,0,0,0,0,0,0
pbt,bintrie,5,4,scattered_mixed,23,,1050,88352,2,0.1574,32.4875,5.0972,4.804,42.7841,2.0651,11,0,0,0,3,0,0,0,1,215,6,5,54.55,0,0,0,0,0,0,0,0
pbt,bintrie,5,4,scattered_mixed,23,,1051,15921807,1,21.9042,26.7046,16.4729,38.4124,103.6519,153.6085,2007,2022,2001,56215,59,0,57,0,0,0,464,1543,23.12,484,1538,23.94,2001,0,100,56215,0
pbt,bintrie,5,4,scattered_mixed,23,,1052,21000,1,0.0607,2.8168,25.269,2.7432,31.046,0.6764,6,0,0,0,2,0,0,0,0,0,2,4,33.33,0,0,0,0,0,0,0,0
pbt,bintrie,5,4,scattered_mixed,24,,1053,0,0,0.0287,2.7981,0.0833,0.3748,3.5009,0,4,0,0,0,0,0,0,0,0,0,0,4,0,0,0,0,0,0,0,0,0
pbt,bintrie,5,4,scattered_mixed,24,,1054,88352,2,0.0936,3.4274,17.9989,6.5153,28.2178,3.1311,11,0,0,0,3,0,0,0,1,215,5,6,45.45,0,0,0,0,0,0,0,0
pbt,bintrie,5,4,scattered_mixed,24,,1055,15905469,1,15.509,45.6181,143.0671,62.5739,266.9512,59.5819,981,974,975,27487,416,0,414,0,0,0,529,452,53.92,419,555,43.02,975,0,100,27487,0
pbt,bintrie,5,4,scattered_mixed,24,,1056,21000,1,0.2419,3.2516,4.4988,2.7517,10.9265,1.9219,6,0,0,0,2,0,0,0,0,0,2,4,33.33,0,0,0,0,0,0,0,0
pbt,bintrie,5,4,scattered_mixed,24,,1057,88352,2,0.2424,20.9548,5.0617,3.6174,30.5362,2.8933,11,0,0,0,3,0,0,0,1,215,5,6,45.45,0,0,0,0,0,0,0,0
pbt,bintrie,5,4,scattered_mixed,24,,1058,15926617,1,15.4976,31.3063,77.1602,26.8608,151.0935,105.409,1289,1282,1283,36111,310,0,308,0,0,0,538,751,41.74,496,786,38.69,1283,0,100,36111,0
pbt,bintrie,5,4,scattered_mixed,24,,1059,21000,1,0.2165,10.1396,2.8738,2.8251,18.7255,1.1215,6,0,0,0,2,0,0,0,0,0,0,6,0,0,0,0,0,0,0,0,0
pbt,bintrie,5,4,scattered_mixed,24,,1060,88352,2,0.1981,16.17,4.9065,13.3946,34.8751,2.5334,11,0,0,0,3,0,0,0,1,215,5,6,45.45,0,0,0,0,0,0,0,0
pbt,bintrie,5,4,scattered_mixed,24,,1061,15926746,1,17.5022,28.9176,60.8674,35.8358,143.2821,111.1565,1518,1511,1512,42523,231,0,229,0,0,0,618,900,40.71,572,939,37.86,1512,0,100,42523,0
pbt,bintrie,5,4,scattered_mixed,24,,1062,21000,1,0.0652,18.868,4.646,2.7484,26.667,0.7875,6,0,0,0,2,0,0,0,0,0,2,4,33.33,0,0,0,0,0,0,0,0
pbt,bintrie,5,4,scattered_mixed,24,,1063,88352,2,0.1446,3.7652,24.6768,15.0272,43.8028,2.017,11,0,0,0,3,0,0,0,1,215,5,6,45.45,0,0,0,0,0,0,0,0
pbt,bintrie,5,4,scattered_mixed,24,,1064,15920344,1,19.5078,36.1216,36.594,29.3408,121.7271,130.7872,1701,1694,1695,47647,168,0,166,0,0,0,457,1244,26.87,468,1226,27.63,1695,0,100,47647,0
pbt,bintrie,5,4,scattered_mixed,24,,1065,21000,1,0.0535,2.6401,28.9597,14.0884,45.9252,0.4573,6,0,0,0,2,0,0,0,0,0,2,4,33.33,0,0,0,0,0,0,0,0
pbt,bintrie,5,4,scattered_mixed,24,,1066,88352,2,0.1113,14.8731,26.3218,18.7491,60.2531,1.4663,11,0,0,0,3,0,0,0,1,215,5,6,45.45,0,0,0,0,0,0,0,0
pbt,bintrie,5,4,scattered_mixed,24,,1067,15921807,1,27.0118,43.4079,33.9951,16.527,121.2724,131.2896,2007,2022,2001,56215,59,0,57,0,0,0,422,1585,21.03,460,1562,22.75,2001,0,100,56215,0
pbt,bintrie,5,4,scattered_mixed,24,,1068,21000,1,0.0684,17.0302,15.4074,3.1921,35.9165,0.5847,6,0,0,0,2,0,0,0,0,0,2,4,33.33,0,0,0,0,0,0,0,0
pbt,bintrie,5,4,scattered_mixed,25,,1069,0,0,0.0358,3.076,0.1157,0.3086,3.7936,0,4,0,0,0,0,0,0,0,0,0,0,4,0,0,0,0,0,0,0,0,0
pbt,bintrie,5,4,scattered_mixed,25,,1070,88352,2,0.1737,13.0611,5.0765,9.2242,27.7656,3.1821,11,0,0,0,3,0,0,0,1,215,4,7,36.36,0,0,0,0,0,0,0,0
pbt,bintrie,5,4,scattered_mixed,25,,1071,15905469,1,14.23,49.3097,95.2749,64.929,223.9082,71.0357,981,974,975,27487,416,0,414,0,0,0,268,713,27.32,220,754,22.59,975,0,100,27487,0
pbt,bintrie,5,4,scattered_mixed,25,,1072,21000,1,0.1136,15.1143,4.5012,2.7753,22.7324,0.9238,6,0,0,0,2,0,0,0,0,0,2,4,33.33,0,0,0,0,0,0,0,0
pbt,bintrie,5,4,scattered_mixed,25,,1073,88352,2,0.0954,13.6468,26.2148,14.3086,54.4268,1.6233,11,0,0,0,3,0,0,0,1,215,6,5,54.55,0,0,0,0,0,0,0,0
pbt,bintrie,5,4,scattered_mixed,25,,1074,15926617,1,15.1359,32.8248,72.6108,40.9778,161.8594,98.3979,1289,1282,1283,36111,310,0,308,0,0,0,271,1018,21.02,276,1006,21.53,1283,0,100,36111,0
pbt,bintrie,5,4,scattered_mixed,25,,1075,21000,1,0.0598,2.7787,24.2693,2.8092,30.1085,0.6975,6,0,0,0,2,0,0,0,0,0,2,4,33.33,0,0,0,0,0,0,0,0
pbt,bintrie,5,4,scattered_mixed,25,,1076,88352,2,0.1316,17.6915,15.9065,3.1899,37.1012,2.3814,11,0,0,0,3,0,0,0,1,215,6,5,54.55,0,0,0,0,0,0,0,0
pbt,bintrie,5,4,scattered_mixed,25,,1077,15926746,1,16.8029,29.2878,50.9669,47.6591,144.8888,109.924,1518,1511,1512,42523,231,0,229,0,0,0,515,1003,33.93,502,1009,33.22,1512,0,100,42523,0
pbt,bintrie,5,4,scattered_mixed,25,,1078,21000,1,0.0565,2.8397,28.0412,3.2885,34.3759,0.6109,6,0,0,0,2,0,0,0,0,0,2,4,33.33,0,0,0,0,0,0,0,0
pbt,bintrie,5,4,scattered_mixed,25,,1079,88352,2,0.0877,25.8014,4.9515,5.26,36.2482,2.4374,11,0,0,0,3,0,0,0,1,215,6,5,54.55,0,0,0,0,0,0,0,0
pbt,bintrie,5,4,scattered_mixed,25,,1080,15920344,1,17.8932,25.5156,37.145,43.4525,124.1787,128.2051,1701,1694,1695,47647,168,0,166,0,0,0,624,1077,36.68,639,1055,37.72,1695,0,100,47647,0
pbt,bintrie,5,4,scattered_mixed,25,,1081,21000,1,0.0472,4.8083,21.3137,2.7799,29.1182,0.7212,6,0,0,0,2,0,0,0,0,0,2,4,33.33,0,0,0,0,0,0,0,0
pbt,bintrie,5,4,scattered_mixed,25,,1082,88352,2,0.1454,3.0548,16.1754,14.4826,34.0146,2.5975,11,0,0,0,3,0,0,0,1,215,5,6,45.45,0,0,0,0,0,0,0,0
pbt,bintrie,5,4,scattered_mixed,25,,1083,15921807,1,26.4668,31.8352,18.7988,23.5304,100.7898,157.9704,2007,2022,2001,56215,59,0,57,0,0,0,638,1369,31.79,684,1338,33.83,2001,0,100,56215,0
pbt,bintrie,5,4,scattered_mixed,25,,1084,21000,1,0.061,13.7166,27.1318,1.5625,42.6418,0.4925,6,0,0,0,2,0,0,0,0,0,2,4,33.33,0,0,0,0,0,0,0,0
pbt,bintrie,5,4,scattered_mixed,26,,1085,0,0,0.0407,2.854,0.091,0.2907,3.5008,0,4,0,0,0,0,0,0,0,0,0,0,4,0,0,0,0,0,0,0,0,0
pbt,bintrie,5,4,scattered_mixed,26,,1086,88352,2,0.0995,3.0139,0.7235,6.945,10.9665,8.0565,11,0,0,0,3,0,0,0,1,215,5,6,45.45,0,0,0,0,0,0,0,0
pbt,bintrie,5,4,scattered_mixed,26,,1087,15905469,1,16.1055,56.2693,101.5875,61.408,235.6972,67.4826,981,974,975,27487,416,0,414,0,0,0,352,629,35.88,274,700,28.13,975,0,100,27487,0
pbt,bintrie,5,4,scattered_mixed,26,,1088,21000,1,0.2051,13.7304,4.9342,2.888,22.2705,0.943,6,0,0,0,2,0,0,0,0,0,0,6,0,0,0,0,0,0,0,0,0
pbt,bintrie,5,4,scattered_mixed,26,,1089,88352,2,0.1347,13.8459,21.9915,3.941,42.8876,2.0601,11,0,0,0,3,0,0,0,1,215,5,6,45.45,0,0,0,0,0,0,0,0
pbt,bintrie,5,4,scattered_mixed,26,,1090,15926617,1,14.3382,30.094,74.6713,28.1628,147.4312,108.0274,1289,1282,1283,36111,310,0,308,0,0,0,459,830,35.61,408,874,31.83,1283,0,100,36111,0
pbt,bintrie,5,4,scattered_mixed,26,,1091,21000,1,0.1913,27.7189,4.61,2.9062,35.6553,0.589,6,0,0,0,2,0,0,0,0,0,0,6,0,0,0,0,0,0,0,0,0
pbt,bintrie,5,4,scattered_mixed,26,,1092,88352,2,0.1202,14.4325,33.8202,3.5643,52.5416,1.6816,11,0,0,0,3,0,0,0,1,215,5,6,45.45,0,0,0,0,0,0,0,0
pbt,bintrie,5,4,scattered_mixed,26,,1093,15926746,1,16.3216,29.6251,49.3372,43.1554,138.6045,114.9078,1518,1511,1512,42523,231,0,229,0,0,0,615,903,40.51,622,889,41.16,1512,0,100,42523,0
pbt,bintrie,5,4,scattered_mixed,26,,1094,21000,1,0.0544,3.9077,28.2872,2.8458,35.2353,0.596,6,0,0,0,2,0,0,0,0,0,2,4,33.33,0,0,0,0,0,0,0,0
pbt,bintrie,5,4,scattered_mixed,26,,1095,88352,2,0.113,14.6884,24.2489,4.8208,44.0943,2.0037,11,0,0,0,3,0,0,0,1,215,6,5,54.55,0,0,0,0,0,0,0,0
pbt,bintrie,5,4,scattered_mixed,26,,1096,15920344,1,21.4217,32.0987,37.1974,37.8266,128.7324,123.6701,1701,1694,1695,47647,168,0,166,0,0,0,255,1446,14.99,253,1441,14.94,1695,0,100,47647,0
pbt,bintrie,5,4,scattered_mixed,26,,1097,21000,1,0.054,2.7784,28.0346,3.1873,34.21,0.6139,6,0,0,0,2,0,0,0,0,0,2,4,33.33,0,0,0,0,0,0,0,0
pbt,bintrie,5,4,scattered_mixed,26,,1098,88352,2,0.1052,3.1669,26.3523,19.2211,48.9998,1.8031,11,0,0,0,3,0,0,0,1,215,5,6,45.45,0,0,0,0,0,0,0,0
pbt,bintrie,5,4,scattered_mixed,26,,1099,15921807,1,21.634,26.7097,27.523,29.0007,105.044,151.5727,2007,2022,2001,56215,59,0,57,0,0,0,620,1387,30.89,655,1367,32.39,2001,0,100,56215,0
pbt,bintrie,5,4,scattered_mixed,26,,1100,21000,1,0.0692,4.401,14.2425,2.9989,21.9168,0.9582,6,0,0,0,2,0,0,0,0,0,2,4,33.33,0,0,0,0,0,0,0,0
pbt,bintrie,5,4,scattered_mixed,27,,1101,0,0,0.0294,2.693,0.0858,0.2907,3.2583,0,4,0,0,0,0,0,0,0,0,0,0,4,0,0,0,0,0,0,0,0,0
pbt,bintrie,5,4,scattered_mixed,27,,1102,88352,2,0.104,3.3594,1.0234,5.8194,11.5235,7.6671,11,0,0,0,3,0,0,0,1,215,6,5,54.55,0,0,0,0,0,0,0,0
pbt,bintrie,5,4,scattered_mixed,27,,1103,15905469,1,15.0213,50.4881,99.7645,61.3155,226.959,70.0808,981,974,975,27487,416,0,414,0,0,0,515,466,52.5,402,572,41.27,975,0,100,27487,0
pbt,bintrie,5,4,scattered_mixed,27,,1104,21000,1,0.2525,11.2849,4.1052,2.8409,19.0805,1.1006,6,0,0,0,2,0,0,0,0,0,0,6,0,0,0,0,0,0,0,0,0
pbt,bintrie,5,4,scattered_mixed,27,,1105,88352,2,0.2074,25.0461,5.5007,3.5831,34.5284,2.5588,11,0,0,0,3,0,0,0,1,215,5,6,45.45,0,0,0,0,0,0,0,0
pbt,bintrie,5,4,scattered_mixed,27,,1106,15926617,1,20.6863,34.4327,83.6323,52.449,191.38,83.2198,1289,1282,1283,36111,310,0,308,0,0,0,352,937,27.31,246,1036,19.19,1283,0,100,36111,0
pbt,bintrie,5,4,scattered_mixed,27,,1107,21000,1,0.0646,13.649,26.0953,3.2305,43.5239,0.4825,6,0,0,0,2,0,0,0,0,0,2,4,33.33,0,0,0,0,0,0,0,0
pbt,bintrie,5,4,scattered_mixed,27,,1108,88352,2,0.0988,29.8103,4.9875,3.1882,38.2403,2.3104,11,0,0,0,3,0,0,0,1,215,5,6,45.45,0,0,0,0,0,0,0,0
pbt,bintrie,5,4,scattered_mixed,27,,1109,15926746,1,17.3828,29.5698,61.2045,41.3091,149.6566,106.422,1518,1511,1512,42523,231,0,229,0,0,0,559,959,36.82,560,951,37.06,1512,0,100,42523,0
pbt,bintrie,5,4,scattered_mixed,27,,1110,21000,1,0.0591,2.7267,25.7555,2.824,31.5432,0.6658,6,0,0,0,2,0,0,0,0,0,2,4,33.33,0,0,0,0,0,0,0,0
pbt,bintrie,5,4,scattered_mixed,27,,1111,88352,2,0.1176,3.595,26.4331,15.2814,45.607,1.9372,11,0,0,0,3,0,0,0,1,215,6,5,54.55,0,0,0,0,0,0,0,0
pbt,bintrie,5,4,scattered_mixed,27,,1112,15920344,1,25.093,38.3282,46.4483,17.7588,127.8032,124.5692,1701,1694,1695,47647,168,0,166,0,0,0,198,1503,11.64,191,1503,11.28,1695,0,100,47647,0
pbt,bintrie,5,4,scattered_mixed,27,,1113,21000,1,0.0734,23.1362,4.994,2.8926,31.3089,0.6707,6,0,0,0,2,0,0,0,0,0,2,4,33.33,0,0,0,0,0,0,0,0
pbt,bintrie,5,4,scattered_mixed,27,,1114,88352,2,0.1287,3.3057,25.6379,14.5082,43.7701,2.0185,11,0,0,0,3,0,0,0,1,215,5,6,45.45,0,0,0,0,0,0,0,0
pbt,bintrie,5,4,scattered_mixed,27,,1115,15921807,1,29.4019,29.1591,28.3371,9.5606,96.6725,164.6984,2007,2022,2001,56215,59,0,57,0,0,0,458,1549,22.82,491,1531,24.28,2001,0,100,56215,0
pbt,bintrie,5,4,scattered_mixed,27,,1116,21000,1,0.1472,21.9261,4.4166,2.7934,29.4328,0.7135,6,0,0,0,2,0,0,0,0,0,0,6,0,0,0,0,0,0,0,0,0
pbt,bintrie,5,4,scattered_mixed,28,,1117,0,0,0.0367,3.1537,0.1474,0.3223,3.8563,0,4,0,0,0,0,0,0,0,0,0,0,4,0,0,0,0,0,0,0,0,0
pbt,bintrie,5,4,scattered_mixed,28,,1118,88352,2,0.1155,1.0736,4.5666,6.5686,12.4629,7.0892,11,0,0,0,3,0,0,0,1,215,4,7,36.36,0,0,0,0,0,0,0,0
pbt,bintrie,5,4,scattered_mixed,28,,1119,15905469,1,13.4431,41.6765,112.8739,34.1335,202.2762,78.6324,981,974,975,27487,416,0,414,0,0,0,339,642,34.56,256,718,26.28,975,0,100,27487,0
pbt,bintrie,5,4,scattered_mixed,28,,1120,21000,1,0.0566,2.9034,4.905,2.8627,10.8813,1.9299,6,0,0,0,2,0,0,0,0,0,2,4,33.33,0,0,0,0,0,0,0,0
pbt,bintrie,5,4,scattered_mixed,28,,1121,88352,2,0.0998,14.6334,24.7157,20.5352,60.1845,1.468,11,0,0,0,3,0,0,0,1,215,6,5,54.55,0,0,0,0,0,0,0,0
pbt,bintrie,5,4,scattered_mixed,28,,1122,15926617,1,15.4801,33.9128,70.2094,52.6291,172.3887,92.3878,1289,1282,1283,36111,310,0,308,0,0,0,352,937,27.31,340,942,26.52,1283,0,100,36111,0
pbt,bintrie,5,4,scattered_mixed,28,,1123,21000,1,0.0696,4.5339,34.6066,2.7928,42.1615,0.4981,6,0,0,0,2,0,0,0,0,0,2,4,33.33,0,0,0,0,0,0,0,0
pbt,bintrie,5,4,scattered_mixed,28,,1124,88352,2,0.4712,29.0087,4.8461,3.2889,37.8261,2.3357,11,0,0,0,3,0,0,0,1,215,5,6,45.45,0,0,0,0,0,0,0,0
pbt,bintrie,5,4,scattered_mixed,28,,1125,15926746,1,23.074,33.3048,52.509,43.3367,152.3712,104.526,1518,1511,1512,42523,231,0,229,0,0,0,393,1125,25.89,354,1157,23.43,1512,0,100,42523,0
pbt,bintrie,5,4,scattered_mixed,28,,1126,21000,1,0.0812,3.9123,15.608,7.3436,27.1169,0.7744,6,0,0,0,2,0,0,0,0,0,2,4,33.33,0,0,0,0,0,0,0,0
pbt,bintrie,5,4,scattered_mixed,28,,1127,88352,2,0.1016,27.9011,5.5444,4.7889,38.6886,2.2837,11,0,0,0,3,0,0,0,1,215,7,4,63.64,0,0,0,0,0,0,0,0
pbt,bintrie,5,4,scattered_mixed,28,,1128,15920344,1,18.0946,28.7749,41.2282,39.0847,127.3605,125.0023,1701,1694,1695,47647,168,0,166,0,0,0,475,1226,27.92,476,1218,28.1,1695,0,100,47647,0
pbt,bintrie,5,4,scattered_mixed,28,,1129,21000,1,0.0693,3.504,26.1409,2.8218,32.7186,0.6418,6,0,0,0,2,0,0,0,0,0,2,4,33.33,0,0,0,0,0,0,0,0
pbt,bintrie,5,4,scattered_mixed,28,,1130,88352,2,0.1383,28.153,5.0307,4.8141,38.301,2.3068,11,0,0,0,3,0,0,0,1,215,5,6,45.45,0,0,0,0,0,0,0,0
pbt,bintrie,5,4,scattered_mixed,28,,1131,15921807,1,26.4398,28.4244,36.3446,9.2814,100.6281,158.2243,2007,2022,2001,56215,59,0,57,0,0,0,538,1469,26.81,536,1486,26.51,2001,0,100,56215,0
pbt,bintrie,5,4,scattered_mixed,28,,1132,21000,1,0.0615,25.7264,4.7389,2.8742,33.5861,0.6253,6,0,0,0,2,0,0,0,0,0,2,4,33.33,0,0,0,0,0,0,0,0
pbt,bintrie,5,4,scattered_mixed,29,,1133,0,0,0.0691,3.4665,0.1136,0.4832,4.3323,0,4,0,0,0,0,0,0,0,0,0,0,4,0,0,0,0,0,0,0,0,0
pbt,bintrie,5,4,scattered_mixed,29,,1134,88352,2,0.1269,3.361,0.8306,6.645,11.0945,7.9636,11,0,0,0,3,0,0,0,1,215,5,6,45.45,0,0,0,0,0,0,0,0
pbt,bintrie,5,4,scattered_mixed,29,,1135,15905469,1,15.5732,40.9172,106.8513,60.8656,224.6703,70.7947,981,974,975,27487,416,0,414,0,0,0,234,747,23.85,176,798,18.07,975,0,100,27487,0
pbt,bintrie,5,4,scattered_mixed,29,,1136,21000,1,0.2539,8.1902,10.3202,2.9038,22.174,0.9471,6,0,0,0,2,0,0,0,0,0,0,6,0,0,0,0,0,0,0,0,0
pbt,bintrie,5,4,scattered_mixed,29,,1137,88352,2,0.1147,14.3965,30.9153,3.8844,49.4898,1.7853,11,0,0,0,3,0,0,0,1,215,6,5,54.55,0,0,0,0,0,0,0,0
pbt,bintrie,5,4,scattered_mixed,29,,1138,15926617,1,14.364,29.8192,75.4048,27.1146,146.8605,108.4472,1289,1282,1283,36111,310,0,308,0,0,0,615,674,47.71,583,699,45.48,1283,0,100,36111,0
pbt,bintrie,5,4,scattered_mixed,29,,1139,21000,1,0.2045,10.9927,7.5663,2.8984,21.9162,0.9582,6,0,0,0,2,0,0,0,0,0,0,6,0,0,0,0,0,0,0,0,0
pbt,bintrie,5,4,scattered_mixed,29,,1140,88352,2,0.1418,17.2115,28.9436,18.1116,64.6075,1.3675,11,0,0,0,3,0,0,0,1,215,5,6,45.45,0,0,0,0,0,0,0,0
pbt,bintrie,5,4,scattered_mixed,29,,1141,15926746,1,16.7692,51.0372,51.4911,39.3647,158.8338,100.273,1518,1511,1512,42523,231,0,229,0,0,0,623,895,41.04,561,950,37.13,1512,0,100,42523,0
pbt,bintrie,5,4,scattered_mixed,29,,1142,21000,1,0.0529,2.8275,23.8796,2.8208,29.715,0.7067,6,0,0,0,2,0,0,0,0,0,2,4,33.33,0,0,0,0,0,0,0,0
pbt,bintrie,5,4,scattered_mixed,29,,1143,88352,2,0.1356,14.6398,18.6624,5.546,39.185,2.2547,11,0,0,0,3,0,0,0,1,215,5,6,45.45,0,0,0,0,0,0,0,0
pbt,bintrie,5,4,scattered_mixed,29,,1144,15920344,1,18.5841,26.8976,40.3653,41.7188,127.7391,124.6317,1701,1694,1695,47647,168,0,166,0,0,0,828,873,48.68,795,899,46.93,1695,0,100,47647,0
pbt,bintrie,5,4,scattered_mixed,29,,1145,21000,1,0.0649,4.0653,28.3505,2.8349,35.499,0.5916,6,0,0,0,2,0,0,0,0,0,2,4,33.33,0,0,0,0,0,0,0,0
pbt,bintrie,5,4,scattered_mixed,29,,1146,88352,2,0.0912,23.666,17.122,4.6527,48.3364,1.8279,11,0,0,0,3,0,0,0,1,215,6,5,54.55,0,0,0,0,0,0,0,0
pbt,bintrie,5,4,scattered_mixed,29,,1147,15921807,1,21.6246,25.1538,17.2593,33.1578,97.3535,163.5463,2007,2022,2001,56215,59,0,57,0,0,0,697,1310,34.73,748,1274,36.99,2001,0,100,56215,0
pbt,bintrie,5,4,scattered_mixed,29,,1148,21000,1,0.0484,2.7334,26.9976,2.9869,32.9082,0.6381,6,0,0,0,2,0,0,0,0,0,0,6,0,0,0,0,0,0,0,0,0
pbt,bintrie,5,4,scattered_mixed,2,,701,0,0,0.0507,11.6006,0.3896,0.9862,13.6439,0,4,0,0,0,0,0,0,0,0,0,0,4,0,0,0,0,0,0,0,0,0
pbt,bintrie,5,4,scattered_mixed,2,,702,88352,2,0.3978,1.6291,1.9679,11.9354,16.1115,5.4838,11,0,0,0,3,0,0,0,1,215,4,7,36.36,0,0,0,0,0,0,0,0
pbt,bintrie,5,4,scattered_mixed,2,,703,15905469,1,11.8343,26.6859,89.6256,58.3364,186.6292,85.225,981,974,975,27487,416,0,414,0,0,0,282,699,28.75,220,754,22.59,975,0,100,27487,0
pbt,bintrie,5,4,scattered_mixed,2,,704,21000,1,0.0666,16.5902,17.7175,2.9315,37.735,0.5565,6,0,0,0,2,0,0,0,0,0,2,4,33.33,0,0,0,0,0,0,0,0
pbt,bintrie,5,4,scattered_mixed,2,,705,88352,2,0.1661,18.3512,20.2353,3.1525,42.1117,2.098,11,0,0,0,3,0,0,0,1,215,6,5,54.55,0,0,0,0,0,0,0,0
pbt,bintrie,5,4,scattered_mixed,2,,706,15926617,1,18.0539,26.5341,56.2943,26.8029,127.8736,124.5497,1289,1282,1283,36111,310,0,308,0,0,0,414,875,32.12,347,935,27.07,1283,0,100,36111,0
pbt,bintrie,5,4,scattered_mixed,2,,707,21000,1,0.0588,2.7663,4.3959,2.7553,10.1513,2.0687,6,0,0,0,2,0,0,0,0,0,2,4,33.33,0,0,0,0,0,0,0,0
pbt,bintrie,5,4,scattered_mixed,2,,708,88352,2,0.145,14.3053,29.5172,15.9441,60.0948,1.4702,11,0,0,0,3,0,0,0,1,215,6,5,54.55,0,0,0,0,0,0,0,0
pbt,bintrie,5,4,scattered_mixed,2,,709,15926746,1,19.7009,33.3047,70.0692,21.6779,144.9074,109.9098,1518,1511,1512,42523,231,0,229,0,0,0,493,1025,32.48,468,1043,30.97,1512,0,100,42523,0
pbt,bintrie,5,4,scattered_mixed,2,,710,21000,1,0.0717,7.522,21.3791,2.8569,31.9901,0.6565,6,0,0,0,2,0,0,0,0,0,2,4,33.33,0,0,0,0,0,0,0,0
pbt,bintrie,5,4,scattered_mixed,2,,711,88352,2,0.1174,14.1371,31.5576,3.0289,49.0047,1.8029,11,0,0,0,3,0,0,0,1,215,5,6,45.45,0,0,0,0,0,0,0,0
pbt,bintrie,5,4,scattered_mixed,2,,712,15920344,1,19.4091,21.1902,59.024,18.4449,118.2827,134.5957,1701,1694,1695,47647,168,0,166,0,0,0,892,809,52.44,859,835,50.71,1695,0,100,47647,0
pbt,bintrie,5,4,scattered_mixed,2,,713,21000,1,0.0659,3.545,27.9141,2.8726,34.5743,0.6074,6,0,0,0,2,0,0,0,0,0,2,4,33.33,0,0,0,0,0,0,0,0
pbt,bintrie,5,4,scattered_mixed,2,,714,88352,2,0.096,3.4425,13.5989,13.1815,30.4658,2.9,11,0,0,0,3,0,0,0,1,215,6,5,54.55,0,0,0,0,0,0,0,0
pbt,bintrie,5,4,scattered_mixed,2,,715,15921807,1,24.1562,22.959,23.3822,10.0272,80.674,197.3599,2007,2022,2001,56215,59,0,57,0,0,0,883,1124,44.0,918,1104,45.4,2001,0,100,56215,0
pbt,bintrie,5,4,scattered_mixed,2,,716,21000,1,0.0611,7.2026,4.5797,2.8017,14.8029,1.4186,6,0,0,0,2,0,0,0,0,0,2,4,33.33,0,0,0,0,0,0,0,0
pbt,bintrie,5,4,scattered_mixed,30,,1149,0,0,0.0635,3.5269,0.0913,0.3372,4.2517,0,4,0,0,0,0,0,0,0,0,0,0,4,0,0,0,0,0,0,0,0,0
pbt,bintrie,5,4,scattered_mixed,30,,1150,88352,2,0.0885,1.1648,13.5261,7.0816,22.0514,4.0066,11,0,0,0,3,0,0,0,1,215,6,5,54.55,0,0,0,0,0,0,0,0
pbt,bintrie,5,4,scattered_mixed,30,,1151,15905469,1,14.0317,46.6616,141.6892,77.3003,279.8866,56.8283,981,974,975,27487,416,0,414,0,0,0,224,757,22.83,189,785,19.4,975,0,100,27487,0
pbt,bintrie,5,4,scattered_mixed,30,,1152,21000,1,0.0604,2.7898,4.4184,2.7426,10.1867,2.0615,6,0,0,0,2,0,0,0,0,0,2,4,33.33,0,0,0,0,0,0,0,0
pbt,bintrie,5,4,scattered_mixed,30,,1153,88352,2,0.1096,14.2879,25.866,24.4974,64.9726,1.3598,11,0,0,0,3,0,0,0,1,215,5,6,45.45,0,0,0,0,0,0,0,0
pbt,bintrie,5,4,scattered_mixed,30,,1154,15926617,1,19.0856,37.1442,63.6417,59.5659,179.6037,88.6764,1289,1282,1283,36111,310,0,308,0,0,0,306,983,23.74,274,1008,21.37,1283,0,100,36111,0
pbt,bintrie,5,4,scattered_mixed,30,,1155,21000,1,0.0607,3.5889,16.5357,2.8069,23.1846,0.9058,6,0,0,0,2,0,0,0,0,0,2,4,33.33,0,0,0,0,0,0,0,0
pbt,bintrie,5,4,scattered_mixed,30,,1156,88352,2,0.1148,29.0158,5.2884,3.135,37.7214,2.3422,11,0,0,0,3,0,0,0,1,215,5,6,45.45,0,0,0,0,0,0,0,0
pbt,bintrie,5,4,scattered_mixed,30,,1157,15926746,1,16.7612,29.418,53.928,42.4901,142.767,111.5576,1518,1511,1512,42523,231,0,229,0,0,0,461,1057,30.37,489,1022,32.36,1512,0,100,42523,0
pbt,bintrie,5,4,scattered_mixed,30,,1158,21000,1,0.0721,3.356,26.7394,2.9989,33.3858,0.629,6,0,0,0,2,0,0,0,0,0,2,4,33.33,0,0,0,0,0,0,0,0
pbt,bintrie,5,4,scattered_mixed,30,,1159,88352,2,0.1573,3.3454,26.3823,14.931,44.9846,1.964,11,0,0,0,3,0,0,0,1,215,5,6,45.45,0,0,0,0,0,0,0,0
pbt,bintrie,5,4,scattered_mixed,30,,1160,15920344,1,19.7391,30.3837,45.0148,16.8698,112.2027,141.8891,1701,1694,1695,47647,168,0,166,0,0,0,607,1094,35.68,624,1070,36.84,1695,0,100,47647,0
pbt,bintrie,5,4,scattered_mixed,30,,1161,21000,1,0.0734,3.6269,4.9638,2.8866,11.9877,1.7518,6,0,0,0,2,0,0,0,0,0,2,4,33.33,0,0,0,0,0,0,0,0
pbt,bintrie,5,4,scattered_mixed,30,,1162,88352,2,0.1468,14.1482,15.4266,14.4932,44.4534,1.9875,11,0,0,0,3,0,0,0,1,215,6,5,54.55,0,0,0,0,0,0,0,0
pbt,bintrie,5,4,scattered_mixed,30,,1163,15921807,1,25.064,26.7882,17.4936,9.221,78.754,202.1714,2007,2022,2001,56215,59,0,57,0,0,0,479,1528,23.87,503,1519,24.88,2001,0,100,56215,0
pbt,bintrie,5,4,scattered_mixed,30,,1164,21000,1,0.0572,2.8903,4.8812,2.7523,10.7193,1.9591,6,0,0,0,2,0,0,0,0,0,2,4,33.33,0,0,0,0,0,0,0,0
pbt,bintrie,5,4,scattered_mixed,3,,717,0,0,0.0493,8.9556,2.4798,1.6546,13.8906,0,4,0,0,0,0,0,0,0,0,0,0,4,0,0,0,0,0,0,0,0,0
pbt,bintrie,5,4,scattered_mixed,3,,718,88352,2,0.0978,0.9045,19.2185,7.4177,35.8402,2.4652,11,0,0,0,3,0,0,0,1,215,5,6,45.45,0,0,0,0,0,0,0,0
pbt,bintrie,5,4,scattered_mixed,3,,719,15905469,1,14.4732,44.1304,75.8257,60.1881,194.7869,81.6557,981,974,975,27487,416,0,414,0,0,0,275,706,28.03,247,727,25.36,975,0,100,27487,0
pbt,bintrie,5,4,scattered_mixed,3,,720,21000,1,0.0606,7.2537,74.9229,2.9653,85.3826,0.246,6,0,0,0,2,0,0,0,0,0,2,4,33.33,0,0,0,0,0,0,0,0
pbt,bintrie,5,4,scattered_mixed,3,,721,88352,2,0.1023,6.9766,26.9747,13.8427,48.0598,1.8384,11,0,0,0,3,0,0,0,1,215,6,5,54.55,0,0,0,0,0,0,0,0
pbt,bintrie,5,4,scattered_mixed,3,,722,15926617,1,16.5471,31.8031,70.9496,26.435,146.28,108.8776,1289,1282,1283,36111,310,0,308,0,0,0,549,740,42.59,494,788,38.53,1283,0,100,36111,0
pbt,bintrie,5,4,scattered_mixed,3,,723,21000,1,0.0653,1.2692,1.2075,2.8078,20.3214,1.0334,6,0,0,0,2,0,0,0,0,0,2,4,33.33,0,0,0,0,0,0,0,0
pbt,bintrie,5,4,scattered_mixed,3,,724,88352,2,0.1278,31.2995,4.8741,2.9388,39.4399,2.2402,11,0,0,0,3,0,0,0,1,215,5,6,45.45,0,0,0,0,0,0,0,0
pbt,bintrie,5,4,scattered_mixed,3,,725,15926746,1,24.0207,30.3626,48.2834,30.5437,133.3636,119.4235,1518,1511,1512,42523,231,0,229,0,0,0,409,1109,26.94,362,1149,23.96,1512,0,100,42523,0
pbt,bintrie,5,4,scattered_mixed,3,,726,21000,1,0.0617,4.0155,4.5349,2.771,11.5665,1.8156,6,0,0,0,2,0,0,0,0,0,2,4,33.33,0,0,0,0,0,0,0,0
pbt,bintrie,5,4,scattered_mixed,3,,727,88352,2,0.1556,3.2521,4.8709,4.9262,13.3763,6.6051,11,0,0,0,3,0,0,0,1,215,5,6,45.45,0,0,0,0,0,0,0,0
pbt,bintrie,5,4,scattered_mixed,3,,728,15920344,1,19.0083,25.3002,36.2586,17.2347,97.9542,162.5285,1701,1694,1695,47647,168,0,166,0,0,0,627,1074,36.86,646,1048,38.13,1695,0,100,47647,0
pbt,bintrie,5,4,scattered_mixed,3,,729,21000,1,0.068,3.1747,4.6152,3.024,11.059,1.8989,6,0,0,0,2,0,0,0,0,0,2,4,33.33,0,0,0,0,0,0,0,0
pbt,bintrie,5,4,scattered_mixed,3,,730,88352,2,0.1139,17.2773,35.4572,18.3087,71.3408,1.2385,11,0,0,0,3,0,0,0,1,215,6,5,54.55,0,0,0,0,0,0,0,0
pbt,bintrie,5,4,scattered_mixed,3,,731,15921807,1,21.4818,35.3602,52.0123,18.4498,127.4698,124.9065,2007,2022,2001,56215,59,0,57,0,0,0,645,1362,32.14,696,1326,34.42,2001,0,100,56215,0
pbt,bintrie,5,4,scattered_mixed,3,,732,21000,1,0.0551,2.8117,4.6769,22.7601,30.4325,0.6901,6,0,0,0,2,0,0,0,0,0,2,4,33.33,0,0,0,0,0,0,0,0
pbt,bintrie,5,4,scattered_mixed,4,,733,0,0,0.0346,6.2904,1.6213,1.5461,10.7873,0,4,0,0,0,0,0,0,0,0,0,0,4,0,0,0,0,0,0,0,0,0
pbt,bintrie,5,4,scattered_mixed,4,,734,88352,2,0.4109,9.3667,7.2647,9.9056,40.122,2.2021,11,0,0,0,3,0,0,0,1,215,4,7,36.36,0,0,0,0,0,0,0,0
pbt,bintrie,5,4,scattered_mixed,4,,735,15905469,1,12.0854,35.0396,87.1292,34.172,168.6119,94.3318,981,974,975,27487,416,0,414,0,0,0,345,636,35.17,192,782,19.71,975,0,100,27487,0
pbt,bintrie,5,4,scattered_mixed,4,,736,21000,1,0.0827,19.4135,11.5807,2.7956,34.3542,0.6113,6,0,0,0,2,0,0,0,0,0,2,4,33.33,0,0,0,0,0,0,0,0
pbt,bintrie,5,4,scattered_mixed,4,,737,88352,2,0.1026,14.1008,27.0445,6.5912,48.0205,1.8399,11,0,0,0,3,0,0,0,1,215,5,6,45.45,0,0,0,0,0,0,0,0
pbt,bintrie,5,4,scattered_mixed,4,,738,15926617,1,14.5173,26.6925,60.5935,35.9408,137.8922,115.5005,1289,1282,1283,36111,310,0,308,0,0,0,452,837,35.07,340,942,26.52,1283,0,100,36111,0
pbt,bintrie,5,4,scattered_mixed,4,,739,21000,1,0.0824,3.1872,14.7269,2.8628,21.0641,0.997,6,0,0,0,2,0,0,0,0,0,2,4,33.33,0,0,0,0,0,0,0,0
pbt,bintrie,5,4,scattered_mixed,4,,740,88352,2,0.0987,14.2234,29.8944,5.95,50.3307,1.7554,11,0,0,0,3,0,0,0,1,215,6,5,54.55,0,0,0,0,0,0,0,0
pbt,bintrie,5,4,scattered_mixed,4,,741,15926746,1,21.6369,49.8174,47.3438,29.1653,148.1165,107.5285,1518,1511,1512,42523,231,0,229,0,0,0,326,1192,21.48,304,1207,20.12,1512,0,100,42523,0
pbt,bintrie,5,4,scattered_mixed,4,,742,21000,1,0.055,2.7864,4.5758,2.7625,10.3734,2.0244,6,0,0,0,2,0,0,0,0,0,2,4,33.33,0,0,0,0,0,0,0,0
pbt,bintrie,5,4,scattered_mixed,4,,743,88352,2,0.1011,13.8353,38.2318,5.8798,58.2134,1.5177,11,0,0,0,3,0,0,0,1,215,5,6,45.45,0,0,0,0,0,0,0,0
pbt,bintrie,5,4,scattered_mixed,4,,744,15920344,1,19.2564,46.3891,36.7614,18.1955,120.7548,131.8403,1701,1694,1695,47647,168,0,166,0,0,0,646,1055,37.98,615,1079,36.3,1695,0,100,47647,0
pbt,bintrie,5,4,scattered_mixed,4,,745,21000,1,0.1045,8.0367,4.7813,2.7709,17.0108,1.2345,6,0,0,0,2,0,0,0,0,0,1,5,16.67,0,0,0,0,0,0,0,0
pbt,bintrie,5,4,scattered_mixed,4,,746,88352,2,0.0969,14.2997,34.5504,5.7051,54.826,1.6115,11,0,0,0,3,0,0,0,1,215,5,6,45.45,0,0,0,0,0,0,0,0
pbt,bintrie,5,4,scattered_mixed,4,,747,15921807,1,24.5874,28.0193,16.3648,9.1175,78.3023,203.3377,2007,2022,2001,56215,59,0,57,0,0,0,488,1519,24.31,540,1482,26.71,2001,0,100,56215,0
pbt,bintrie,5,4,scattered_mixed,4,,748,21000,1,0.0622,2.9159,4.4743,2.8361,10.4393,2.0116,6,0,0,0,2,0,0,0,0,0,2,4,33.33,0,0,0,0,0,0,0,0
pbt,bintrie,5,4,scattered_mixed,5,,749,0,0,0.0437,12.7045,0.2157,10.1125,24.1136,0,4,0,0,0,0,0,0,0,0,0,0,4,0,0,0,0,0,0,0,0,0
pbt,bintrie,5,4,scattered_mixed,5,,750,88352,2,0.1178,1.0807,1.0851,8.9468,11.4173,7.7385,11,0,0,0,3,0,0,0,1,215,5,6,45.45,0,0,0,0,0,0,0,0
pbt,bintrie,5,4,scattered_mixed,5,,751,15905469,1,15.6877,40.568,114.4913,51.5682,222.6245,71.4453,981,974,975,27487,416,0,414,0,0,0,290,691,29.56,252,722,25.87,975,0,100,27487,0
pbt,bintrie,5,4,scattered_mixed,5,,752,21000,1,0.0732,3.1568,4.7722,2.8646,11.0616,1.8985,6,0,0,0,2,0,0,0,0,0,2,4,33.33,0,0,0,0,0,0,0,0
pbt,bintrie,5,4,scattered_mixed,5,,753,88352,2,0.103,2.9902,15.1991,15.7938,34.2189,2.582,11,0,0,0,3,0,0,0,1,215,6,5,54.55,0,0,0,0,0,0,0,0
pbt,bintrie,5,4,scattered_mixed,5,,754,15926617,1,14.8923,35.2089,77.9837,26.3485,155.1844,102.6303,1289,1282,1283,36111,310,0,308,0,0,0,389,900,30.18,278,1004,21.68,1283,0,100,36111,0
pbt,bintrie,5,4,scattered_mixed,5,,755,21000,1,0.0652,16.5852,17.8448,2.825,37.4937,0.5601,6,0,0,0,2,0,0,0,0,0,2,4,33.33,0,0,0,0,0,0,0,0
pbt,bintrie,5,4,scattered_mixed,5,,756,88352,2,0.1408,8.5505,19.2146,16.388,44.5147,1.9848,11,0,0,0,3,0,0,0,1,215,5,6,45.45,0,0,0,0,0,0,0,0
pbt,bintrie,5,4,scattered_mixed,5,,757,15926746,1,31.4447,30.0907,55.2473,20.5826,137.6102,115.7381,1518,1511,1512,42523,231,0,229,0,0,0,288,1230,18.97,277,1234,18.33,1512,0,100,42523,0
pbt,bintrie,5,4,scattered_mixed,5,,758,21000,1,0.0703,16.4471,16.9955,3.2035,36.9922,0.5677,6,0,0,0,2,0,0,0,0,0,2,4,33.33,0,0,0,0,0,0,0,0
pbt,bintrie,5,4,scattered_mixed,5,,759,88352,2,0.1014,3.1479,4.9688,16.5963,24.9652,3.539,11,0,0,0,3,0,0,0,1,215,5,6,45.45,0,0,0,0,0,0,0,0
pbt,bintrie,5,4,scattered_mixed,5,,760,15920344,1,19.4441,27.6179,39.8637,28.3002,115.3695,137.9944,1701,1694,1695,47647,168,0,166,0,0,0,625,1076,36.74,622,1072,36.72,1695,0,100,47647,0
pbt,bintrie,5,4,scattered_mixed,5,,761,21000,1,0.0637,3.643,19.9136,2.8068,26.6146,0.789,6,0,0,0,2,0,0,0,0,0,2,4,33.33,0,0,0,0,0,0,0,0
pbt,bintrie,5,4,scattered_mixed,5,,762,88352,2,0.0951,3.2583,25.493,16.383,45.3947,1.9463,11,0,0,0,3,0,0,0,1,215,6,5,54.55,0,0,0,0,0,0,0,0
pbt,bintrie,5,4,scattered_mixed,5,,763,15921807,1,25.0745,30.5449,16.9911,23.8999,96.9167,164.2835,2007,2022,2001,56215,59,0,57,0,0,0,764,1243,38.07,793,1229,39.22,2001,0,100,56215,0
pbt,bintrie,5,4,scattered_mixed,5,,764,21000,1,0.074,2.8329,4.5133,2.8356,10.4118,2.0169,6,0,0,0,2,0,0,0,0,0,2,4,33.33,0,0,0,0,0,0,0,0
pbt,bintrie,5,4,scattered_mixed,6,,765,0,0,0.0366,4.4135,0.1708,0.3374,5.1434,0,4,0,0,0,0,0,0,0,0,0,0,4,0,0,0,0,0,0,0,0,0
pbt,bintrie,5,4,scattered_mixed,6,,766,88352,2,0.093,5.1268,21.9717,7.5205,34.8658,2.5341,11,0,0,0,3,0,0,0,1,215,5,6,45.45,0,0,0,0,0,0,0,0
pbt,bintrie,5,4,scattered_mixed,6,,767,15905469,1,14.6274,59.2701,80.0703,44.8504,199.1475,79.8678,981,974,975,27487,416,0,414,0,0,0,447,534,45.57,358,616,36.76,975,0,100,27487,0
pbt,bintrie,5,4,scattered_mixed,6,,768,21000,1,0.076,20.8425,20.5022,5.079,47.5961,0.4412,6,0,0,0,2,0,0,0,0,0,2,4,33.33,0,0,0,0,0,0,0,0
pbt,bintrie,5,4,scattered_mixed,6,,769,88352,2,0.1007,3.1529,15.5916,16.3104,35.3096,2.5022,11,0,0,0,3,0,0,0,1,215,5,6,45.45,0,0,0,0,0,0,0,0
pbt,bintrie,5,4,scattered_mixed,6,,770,15926617,1,19.0594,41.554,71.145,26.6215,158.8763,100.2454,1289,1282,1283,36111,310,0,308,0,0,0,354,935,27.46,337,945,26.29,1283,0,100,36111,0
pbt,bintrie,5,4,scattered_mixed,6,,771,21000,1,0.1536,20.7975,4.5892,2.8782,28.7409,0.7307,6,0,0,0,2,0,0,0,0,0,0,6,0,0,0,0,0,0,0,0,0
pbt,bintrie,5,4,scattered_mixed,6,,772,88352,2,0.1042,8.4355,30.7378,19.5689,59.0098,1.4972,11,0,0,0,3,0,0,0,1,215,5,6,45.45,0,0,0,0,0,0,0,0
pbt,bintrie,5,4,scattered_mixed,6,,773,15926746,1,19.7941,46.6501,47.7024,26.9286,141.2575,112.7498,1518,1511,1512,42523,231,0,229,0,0,0,457,1061,30.11,452,1059,29.91,1512,0,100,42523,0
pbt,bintrie,5,4,scattered_mixed,6,,774,21000,1,0.0584,28.6193,4.5681,2.7505,36.1874,0.5803,6,0,0,0,2,0,0,0,0,0,2,4,33.33,0,0,0,0,0,0,0,0
pbt,bintrie,5,4,scattered_mixed,6,,775,88352,2,0.125,16.7371,25.9299,5.591,48.5605,1.8194,11,0,0,0,3,0,0,0,1,215,5,6,45.45,0,0,0,0,0,0,0,0
pbt,bintrie,5,4,scattered_mixed,6,,776,15920344,1,21.2435,28.6741,37.7075,29.0987,116.8978,136.1903,1701,1694,1695,47647,168,0,166,0,0,0,394,1307,23.16,395,1299,23.32,1695,0,100,47647,0
pbt,bintrie,5,4,scattered_mixed,6,,777,21000,1,0.078,2.8537,4.8674,2.8714,10.8301,1.939,6,0,0,0,2,0,0,0,0,0,2,4,33.33,0,0,0,0,0,0,0,0
pbt,bintrie,5,4,scattered_mixed,6,,778,88352,2,0.0928,13.7452,35.7308,6.1451,55.9275,1.5798,11,0,0,0,3,0,0,0,1,215,5,6,45.45,0,0,0,0,0,0,0,0
pbt,bintrie,5,4,scattered_mixed,6,,779,15921807,1,25.4945,35.1311,17.2418,23.0721,101.1135,157.4647,2007,2022,2001,56215,59,0,57,0,0,0,771,1236,38.42,803,1219,39.71,2001,0,100,56215,0
pbt,bintrie,5,4,scattered_mixed,6,,780,21000,1,0.0589,4.9292,26.5662,18.457,50.1824,0.4185,6,0,0,0,2,0,0,0,0,0,2,4,33.33,0,0,0,0,0,0,0,0
pbt,bintrie,5,4,scattered_mixed,7,,781,0,0,0.0326,2.2553,0.0988,0.3135,2.8638,0,4,0,0,0,0,0,0,0,0,0,0,4,0,0,0,0,0,0,0,0,0
pbt,bintrie,5,4,scattered_mixed,7,,782,88352,2,0.0936,2.6136,25.0411,7.7938,35.6783,2.4764,11,0,0,0,3,0,0,0,1,215,6,5,54.55,0,0,0,0,0,0,0,0
pbt,bintrie,5,4,scattered_mixed,7,,783,15905469,1,13.8108,37.0555,79.3529,79.7219,210.2846,75.6378,981,974,975,27487,416,0,414,0,0,0,460,521,46.89,420,554,43.12,975,0,100,27487,0
pbt,bintrie,5,4,scattered_mixed,7,,784,21000,1,0.0598,13.6293,15.196,1.9601,31.009,0.6772,6,0,0,0,2,0,0,0,0,0,2,4,33.33,0,0,0,0,0,0,0,0
pbt,bintrie,5,4,scattered_mixed,7,,785,88352,2,0.1357,14.8044,25.4232,16.1461,56.7353,1.5573,11,0,0,0,3,0,0,0,1,215,5,6,45.45,0,0,0,0,0,0,0,0
pbt,bintrie,5,4,scattered_mixed,7,,786,15926617,1,18.7545,37.5687,80.7159,55.6301,193.3132,82.3876,1289,1282,1283,36111,310,0,308,0,0,0,561,728,43.52,542,740,42.28,1283,0,100,36111,0
pbt,bintrie,5,4,scattered_mixed,7,,787,21000,1,0.0506,2.6758,19.0703,3.2266,25.1874,0.8338,6,0,0,0,2,0,0,0,0,0,2,4,33.33,0,0,0,0,0,0,0,0
pbt,bintrie,5,4,scattered_mixed,7,,788,88352,2,0.0882,14.2289,31.2053,5.6414,51.3707,1.7199,11,0,0,0,3,0,0,0,1,215,5,6,45.45,0,0,0,0,0,0,0,0
pbt,bintrie,5,4,scattered_mixed,7,,789,15926746,1,16.768,28.147,49.0259,36.1193,130.243,122.2849,1518,1511,1512,42523,231,0,229,0,0,0,513,1005,33.79,483,1028,31.97,1512,0,100,42523,0
pbt,bintrie,5,4,scattered_mixed,7,,790,21000,1,0.0575,13.3367,15.1541,16.2088,44.9254,0.4674,6,0,0,0,2,0,0,0,0,0,2,4,33.33,0,0,0,0,0,0,0,0
pbt,bintrie,5,4,scattered_mixed,7,,791,88352,2,0.1306,3.4045,15.5591,16.857,36.1341,2.4451,11,0,0,0,3,0,0,0,1,215,5,6,45.45,0,0,0,0,0,0,0,0
pbt,bintrie,5,4,scattered_mixed,7,,792,15920344,1,19.1254,26.5702,35.4955,26.3268,107.6752,147.8553,1701,1694,1695,47647,168,0,166,0,0,0,394,1307,23.16,363,1331,21.43,1695,0,100,47647,0
pbt,bintrie,5,4,scattered_mixed,7,,793,21000,1,0.0653,15.3037,21.1069,5.034,41.6702,0.504,6,0,0,0,2,0,0,0,0,0,2,4,33.33,0,0,0,0,0,0,0,0
pbt,bintrie,5,4,scattered_mixed,7,,794,88352,2,0.1126,29.7214,6.9573,5.5855,42.543,2.0768,11,0,0,0,3,0,0,0,1,215,5,6,45.45,0,0,0,0,0,0,0,0
pbt,bintrie,5,4,scattered_mixed,7,,795,15921807,1,22.2602,26.8863,16.614,36.2365,102.1609,155.8504,2007,2022,2001,56215,59,0,57,0,0,0,373,1634,18.58,376,1646,18.6,2001,0,100,56215,0
pbt,bintrie,5,4,scattered_mixed,7,,796,21000,1,0.0559,2.781,38.0016,13.4867,54.5151,0.3852,6,0,0,0,2,0,0,0,0,0,2,4,33.33,0,0,0,0,0,0,0,0
pbt,bintrie,5,4,scattered_mixed,8,,797,0,0,0.0627,3.1167,0.1008,0.3291,3.918,0,4,0,0,0,0,0,0,0,0,0,0,4,0,0,0,0,0,0,0,0,0
pbt,bintrie,5,4,scattered_mixed,8,,798,88352,2,0.1327,1.8277,3.2206,9.304,14.6818,6.0178,11,0,0,0,3,0,0,0,1,215,5,6,45.45,0,0,0,0,0,0,0,0
pbt,bintrie,5,4,scattered_mixed,8,,799,15905469,1,14.7969,33.6146,127.2004,62.8227,238.6244,66.6548,981,974,975,27487,416,0,414,0,0,0,268,713,27.32,211,763,21.66,975,0,100,27487,0
pbt,bintrie,5,4,scattered_mixed,8,,800,21000,1,0.0575,13.418,48.0445,3.359,65.0228,0.323,6,0,0,0,2,0,0,0,0,0,2,4,33.33,0,0,0,0,0,0,0,0
pbt,bintrie,5,4,scattered_mixed,8,,801,88352,2,0.1033,25.7944,5.2829,5.5706,36.9576,2.3906,11,0,0,0,3,0,0,0,1,215,5,6,45.45,0,0,0,0,0,0,0,0
pbt,bintrie,5,4,scattered_mixed,8,,802,15926617,1,14.7818,27.7515,60.484,49.5852,152.7732,104.25,1289,1282,1283,36111,310,0,308,0,0,0,365,924,28.32,304,978,23.71,1283,0,100,36111,0
pbt,bintrie,5,4,scattered_mixed,8,,803,21000,1,0.063,3.5902,28.4351,2.7842,35.0287,0.5995,6,0,0,0,2,0,0,0,0,0,2,4,33.33,0,0,0,0,0,0,0,0
pbt,bintrie,5,4,scattered_mixed,8,,804,88352,2,0.1516,17.944,17.0922,5.5176,40.9589,2.1571,11,0,0,0,3,0,0,0,1,215,5,6,45.45,0,0,0,0,0,0,0,0
pbt,bintrie,5,4,scattered_mixed,8,,805,15926746,1,17.3103,26.6505,46.2935,48.1155,138.5373,114.9636,1518,1511,1512,42523,231,0,229,0,0,0,411,1107,27.08,385,1126,25.48,1512,0,100,42523,0
pbt,bintrie,5,4,scattered_mixed,8,,806,21000,1,0.0617,17.7588,4.5162,2.8978,25.4202,0.8261,6,0,0,0,2,0,0,0,0,0,2,4,33.33,0,0,0,0,0,0,0,0
pbt,bintrie,5,4,scattered_mixed,8,,807,88352,2,0.1157,29.466,16.1479,6.1039,52.0054,1.6989,11,0,0,0,3,0,0,0,1,215,6,5,54.55,0,0,0,0,0,0,0,0
pbt,bintrie,5,4,scattered_mixed,8,,808,15920344,1,18.9179,28.3974,37.098,47.9259,132.5399,120.1173,1701,1694,1695,47647,168,0,166,0,0,0,387,1314,22.75,388,1306,22.9,1695,0,100,47647,0
pbt,bintrie,5,4,scattered_mixed,8,,809,21000,1,0.0616,4.06,19.119,16.2644,39.7003,0.529,6,0,0,0,2,0,0,0,0,0,2,4,33.33,0,0,0,0,0,0,0,0
pbt,bintrie,5,4,scattered_mixed,8,,810,88352,2,0.1437,3.2652,26.4735,29.6271,59.7622,1.4784,11,0,0,0,3,0,0,0,1,215,5,6,45.45,0,0,0,0,0,0,0,0
pbt,bintrie,5,4,scattered_mixed,8,,811,15921807,1,27.2703,33.1822,27.8494,30.4979,119.0302,133.7628,2007,2022,2001,56215,59,0,57,0,0,0,693,1314,34.53,713,1309,35.26,2001,0,100,56215,0
pbt,bintrie,5,4,scattered_mixed,8,,812,21000,1,0.0692,4.3999,4.871,2.8972,12.4191,1.6909,6,0,0,0,2,0,0,0,0,0,2,4,33.33,0,0,0,0,0,0,0,0
pbt,bintrie,5,4,scattered_mixed,9,,813,0,0,0.0434,3.6373,0.1273,0.3536,4.4099,0,4,0,0,0,0,0,0,0,0,0,0,4,0,0,0,0,0,0,0,0,0
pbt,bintrie,5,4,scattered_mixed,9,,814,88352,2,0.1258,3.7093,17.159,9.5105,30.6906,2.8788,11,0,0,0,3,0,0,0,1,215,5,6,45.45,0,0,0,0,0,0,0,0
pbt,bintrie,5,4,scattered_mixed,9,,815,15905469,1,12.0924,31.5099,129.4791,76.633,249.8925,63.6492,981,974,975,27487,416,0,414,0,0,0,347,634,35.37,216,758,22.18,975,0,100,27487,0
pbt,bintrie,5,4,scattered_mixed,9,,816,21000,1,0.0639,38.7549,4.9862,2.9172,46.9125,0.4476,6,0,0,0,2,0,0,0,0,0,2,4,33.33,0,0,0,0,0,0,0,0
pbt,bintrie,5,4,scattered_mixed,9,,817,88352,2,0.09,25.4551,5.4097,5.8609,37.0228,2.3864,11,0,0,0,3,0,0,0,1,215,7,4,63.64,0,0,0,0,0,0,0,0
pbt,bintrie,5,4,scattered_mixed,9,,818,15926617,1,15.9236,33.9813,59.5287,36.9225,146.5442,108.6813,1289,1282,1283,36111,310,0,308,0,0,0,466,823,36.15,456,826,35.57,1283,0,100,36111,0
pbt,bintrie,5,4,scattered_mixed,9,,819,21000,1,0.0625,16.8046,12.619,1.6909,31.5881,0.6648,6,0,0,0,2,0,0,0,0,0,2,4,33.33,0,0,0,0,0,0,0,0
pbt,bintrie,5,4,scattered_mixed,9,,820,88352,2,0.1057,18.2115,5.1629,6.4918,35.2396,2.5072,11,0,0,0,3,0,0,0,1,215,5,6,45.45,0,0,0,0,0,0,0,0
pbt,bintrie,5,4,scattered_mixed,9,,821,15926746,1,22.0529,35.4846,46.0584,36.407,140.2484,113.561,1518,1511,1512,42523,231,0,229,0,0,0,359,1159,23.65,351,1160,23.23,1512,0,100,42523,0
pbt,bintrie,5,4,scattered_mixed,9,,822,21000,1,0.0627,3.5519,29.6925,2.9242,36.3892,0.5771,6,0,0,0,2,0,0,0,0,0,2,4,33.33,0,0,0,0,0,0,0,0
pbt,bintrie,5,4,scattered_mixed,9,,823,88352,2,0.1328,13.9945,25.0975,14.3632,53.7487,1.6438,11,0,0,0,3,0,0,0,1,215,5,6,45.45,0,0,0,0,0,0,0,0
pbt,bintrie,5,4,scattered_mixed,9,,824,15920344,1,19.9,33.9809,35.4062,27.2019,116.6581,136.4701,1701,1694,1695,47647,168,0,166,0,0,0,417,1284,24.51,445,1249,26.27,1695,0,100,47647,0
pbt,bintrie,5,4,scattered_mixed,9,,825,21000,1,0.0635,3.0394,30.1856,2.819,36.2769,0.5789,6,0,0,0,2,0,0,0,0,0,2,4,33.33,0,0,0,0,0,0,0,0
pbt,bintrie,5,4,scattered_mixed,9,,826,88352,2,0.1215,14.5509,25.191,14.1538,54.1944,1.6303,11,0,0,0,3,0,0,0,1,215,5,6,45.45,0,0,0,0,0,0,0,0
pbt,bintrie,5,4,scattered_mixed,9,,827,15921807,1,26.4105,32.2607,23.2945,15.1812,97.3002,163.636,2007,2022,2001,56215,59,0,57,0,0,0,777,1230,38.71,802,1220,39.66,2001,0,100,56215,0
pbt,bintrie,5,4,scattered_mixed,9,,828,21000,1,0.0543,13.7736,14.5598,1.2906,29.8574,0.7033,6,0,0,0,2,0,0,0,0,0,2,4,33.33,0,0,0,0,0,0,0,0
