config,trie_type,group_depth,pebble_block_size_kb,benchmark,run,contract,block_number,gas_used,tx_count,execution_ms,state_read_ms,state_hash_ms,commit_ms,total_ms,mgas_per_sec,accounts_read,storage_slots_read,code_read,code_bytes_read,accounts_written,accounts_deleted,storage_slots_written,storage_slots_deleted,code_written,code_bytes_written,account_cache_hits,account_cache_misses,account_cache_hit_rate,storage_cache_hits,storage_cache_misses,storage_cache_hit_rate,code_cache_hits,code_cache_misses,code_cache_hit_rate,code_cache_hit_bytes,code_cache_miss_bytes
pbt,bintrie,5,4,storage_sload_k100,10,,6990,0,0,0.0533,6.3006,0.004,0.5069,10.2696,0,4,0,0,0,0,0,0,0,0,0,0,4,0,0,0,0,0,0,0,0,0
pbt,bintrie,5,4,storage_sload_k100,10,,6991,0,0,0.0359,16.0396,0.0027,0.1495,16.411,0,4,0,0,0,0,0,0,0,0,0,0,4,0,0,0,0,0,0,0,0,0
pbt,bintrie,5,4,storage_sload_k100,10,,6992,0,0,0.0355,9.7996,0.0032,3.2686,13.2931,0,4,0,0,0,0,0,0,0,0,0,0,4,0,0,0,0,0,0,0,0,0
pbt,bintrie,5,4,storage_sload_k100,10,,6993,86852,2,0.1402,27.1905,6.5696,5.1938,43.0898,2.0156,11,0,0,0,3,0,0,0,1,157,6,5,54.55,0,0,0,0,0,0,0,0
pbt,bintrie,5,4,storage_sload_k100,10,,6994,5900240,1,104.6436,22.0228,9.2917,2.5861,138.8428,42.4958,107,258,101,2957,2,0,0,0,0,0,11,96,10.28,23,235,8.91,101,0,100,2957,0
pbt,bintrie,5,4,storage_sload_k100,10,,6995,21000,1,0.0745,23.2144,2.8866,0.5949,26.9412,0.7795,6,0,0,0,2,0,0,0,0,0,2,4,33.33,0,0,0,0,0,0,0,0
pbt,bintrie,5,4,storage_sload_k100,10,,6996,0,0,0.0272,12.9526,0.0017,0.1577,13.2817,0,4,0,0,0,0,0,0,0,0,0,0,4,0,0,0,0,0,0,0,0,0
pbt,bintrie,5,4,storage_sload_k100,11,,6997,0,0,0.0352,3.0923,0.0014,0.1583,3.4616,0,4,0,0,0,0,0,0,0,0,0,0,4,0,0,0,0,0,0,0,0,0
pbt,bintrie,5,4,storage_sload_k100,11,,6998,0,0,0.0457,19.8699,0.0018,0.2301,20.3604,0,4,0,0,0,0,0,0,0,0,0,0,4,0,0,0,0,0,0,0,0,0
pbt,bintrie,5,4,storage_sload_k100,11,,6999,0,0,0.0333,4.2044,0.0039,0.2544,10.7649,0,4,0,0,0,0,0,0,0,0,0,0,4,0,0,0,0,0,0,0,0,0
pbt,bintrie,5,4,storage_sload_k100,11,,7000,86852,2,0.1027,21.9604,3.247,10.1975,35.7467,2.4297,11,0,0,0,3,0,0,0,1,157,4,7,36.36,0,0,0,0,0,0,0,0
pbt,bintrie,5,4,storage_sload_k100,11,,7001,5900240,1,112.4114,28.1698,4.6451,3.6444,149.2229,39.5398,107,258,101,2957,2,0,0,0,0,0,27,80,25.23,43,215,16.67,101,0,100,2957,0
pbt,bintrie,5,4,storage_sload_k100,11,,7002,21000,1,0.0774,5.545,14.3418,0.7257,20.9046,1.0046,6,0,0,0,2,0,0,0,0,0,2,4,33.33,0,0,0,0,0,0,0,0
pbt,bintrie,5,4,storage_sload_k100,11,,7003,0,0,0.0284,2.5468,0.0023,0.1351,2.9691,0,4,0,0,0,0,0,0,0,0,0,0,4,0,0,0,0,0,0,0,0,0
pbt,bintrie,5,4,storage_sload_k100,12,,7004,0,0,0.5282,6.2692,0.0027,0.3031,7.4163,0,4,0,0,0,0,0,0,0,0,0,0,4,0,0,0,0,0,0,0,0,0
pbt,bintrie,5,4,storage_sload_k100,12,,7005,0,0,0.0315,18.1526,0.0023,0.2608,18.622,0,4,0,0,0,0,0,0,0,0,0,0,4,0,0,0,0,0,0,0,0,0
pbt,bintrie,5,4,storage_sload_k100,12,,7006,0,0,0.0404,5.9831,0.0026,0.1999,7.3267,0,4,0,0,0,0,0,0,0,0,0,0,4,0,0,0,0,0,0,0,0,0
pbt,bintrie,5,4,storage_sload_k100,12,,7007,86852,2,0.1076,18.3267,3.7059,9.5779,31.9259,2.7204,11,0,0,0,3,0,0,0,1,157,5,6,45.45,0,0,0,0,0,0,0,0
pbt,bintrie,5,4,storage_sload_k100,12,,7008,5900240,1,101.9382,27.8635,13.0462,0.6395,143.9532,40.9872,107,258,101,2957,2,0,0,0,0,0,81,26,75.7,205,53,79.46,101,0,100,2957,0
pbt,bintrie,5,4,storage_sload_k100,12,,7009,21000,1,0.0886,7.4074,2.3346,0.7496,25.3265,0.8292,6,0,0,0,2,0,0,0,0,0,2,4,33.33,0,0,0,0,0,0,0,0
pbt,bintrie,5,4,storage_sload_k100,12,,7010,0,0,0.0935,7.4062,0.0025,0.1722,7.834,0,4,0,0,0,0,0,0,0,0,0,0,4,0,0,0,0,0,0,0,0,0
pbt,bintrie,5,4,storage_sload_k100,13,,7011,0,0,0.0454,4.1434,0.0037,0.1898,12.1271,0,4,0,0,0,0,0,0,0,0,0,0,4,0,0,0,0,0,0,0,0,0
pbt,bintrie,5,4,storage_sload_k100,13,,7012,0,0,0.0388,19.0636,0.0022,0.1725,19.5389,0,4,0,0,0,0,0,0,0,0,0,0,4,0,0,0,0,0,0,0,0,0
pbt,bintrie,5,4,storage_sload_k100,13,,7013,0,0,0.0325,3.8672,0.0034,0.1963,9.8597,0,4,0,0,0,0,0,0,0,0,0,0,4,0,0,0,0,0,0,0,0,0
pbt,bintrie,5,4,storage_sload_k100,13,,7014,86852,2,0.1238,24.4954,3.1741,5.777,39.7892,2.1828,11,0,0,0,3,0,0,0,1,157,6,5,54.55,0,0,0,0,0,0,0,0
pbt,bintrie,5,4,storage_sload_k100,13,,7015,5900240,1,105.2537,24.189,2.5157,0.4965,132.6718,44.4725,107,258,101,2957,2,0,0,0,0,0,18,89,16.82,36,222,13.95,101,0,100,2957,0
pbt,bintrie,5,4,storage_sload_k100,13,,7016,21000,1,0.0709,4.8462,10.4549,0.5138,18.3377,1.1452,6,0,0,0,2,0,0,0,0,0,2,4,33.33,0,0,0,0,0,0,0,0
pbt,bintrie,5,4,storage_sload_k100,13,,7017,0,0,0.0458,11.832,0.0032,0.2366,12.3058,0,4,0,0,0,0,0,0,0,0,0,0,4,0,0,0,0,0,0,0,0,0
pbt,bintrie,5,4,storage_sload_k100,14,,7018,0,0,0.0486,3.282,0.0018,3.0586,6.6131,0,4,0,0,0,0,0,0,0,0,0,0,4,0,0,0,0,0,0,0,0,0
pbt,bintrie,5,4,storage_sload_k100,14,,7019,0,0,0.0446,3.0893,0.0023,0.6914,3.9994,0,4,0,0,0,0,0,0,0,0,0,0,4,0,0,0,0,0,0,0,0,0
pbt,bintrie,5,4,storage_sload_k100,14,,7020,0,0,0.0387,11.1689,0.003,0.2354,11.8796,0,4,0,0,0,0,0,0,0,0,0,0,4,0,0,0,0,0,0,0,0,0
pbt,bintrie,5,4,storage_sload_k100,14,,7021,86852,2,1.2874,19.6427,8.6991,7.7874,39.8085,2.1817,11,0,0,0,3,0,0,0,1,157,5,6,45.45,0,0,0,0,0,0,0,0
pbt,bintrie,5,4,storage_sload_k100,14,,7022,5900240,1,119.4284,23.4748,5.0823,2.1051,150.272,39.2637,107,258,101,2957,2,0,0,0,0,0,6,101,5.61,7,251,2.71,101,0,100,2957,0
pbt,bintrie,5,4,storage_sload_k100,14,,7023,21000,1,0.062,11.346,4.742,0.5757,23.2609,0.9028,6,0,0,0,2,0,0,0,0,0,2,4,33.33,0,0,0,0,0,0,0,0
pbt,bintrie,5,4,storage_sload_k100,14,,7024,0,0,0.0415,13.812,0.0019,0.2026,14.2575,0,4,0,0,0,0,0,0,0,0,0,0,4,0,0,0,0,0,0,0,0,0
pbt,bintrie,5,4,storage_sload_k100,15,,7025,0,0,0.0602,6.4566,0.0023,0.388,7.3124,0,4,0,0,0,0,0,0,0,0,0,0,4,0,0,0,0,0,0,0,0,0
pbt,bintrie,5,4,storage_sload_k100,15,,7026,0,0,0.0407,3.1645,0.0021,0.2239,3.6308,0,4,0,0,0,0,0,0,0,0,0,0,4,0,0,0,0,0,0,0,0,0
pbt,bintrie,5,4,storage_sload_k100,15,,7027,0,0,0.034,4.4927,0.0031,0.1789,8.8039,0,4,0,0,0,0,0,0,0,0,0,0,4,0,0,0,0,0,0,0,0,0
pbt,bintrie,5,4,storage_sload_k100,15,,7028,86852,2,0.1096,21.3292,7.7229,5.132,38.2072,2.2732,11,0,0,0,3,0,0,0,1,157,6,5,54.55,0,0,0,0,0,0,0,0
pbt,bintrie,5,4,storage_sload_k100,15,,7029,5900240,1,100.8927,20.3687,3.7972,2.6885,128.2442,46.0079,107,258,101,2957,2,0,0,0,0,0,36,71,33.64,68,190,26.36,101,0,100,2957,0
pbt,bintrie,5,4,storage_sload_k100,15,,7030,21000,1,0.0544,4.8162,11.1003,0.5108,21.9156,0.9582,6,0,0,0,2,0,0,0,0,0,2,4,33.33,0,0,0,0,0,0,0,0
pbt,bintrie,5,4,storage_sload_k100,15,,7031,0,0,0.0396,12.9591,0.0027,0.2176,13.384,0,4,0,0,0,0,0,0,0,0,0,0,4,0,0,0,0,0,0,0,0,0
pbt,bintrie,5,4,storage_sload_k100,16,,7032,0,0,0.0408,6.1914,0.002,0.2791,6.7143,0,4,0,0,0,0,0,0,0,0,0,0,4,0,0,0,0,0,0,0,0,0
pbt,bintrie,5,4,storage_sload_k100,16,,7033,0,0,0.0389,17.1523,0.0023,0.1323,17.4982,0,4,0,0,0,0,0,0,0,0,0,0,4,0,0,0,0,0,0,0,0,0
pbt,bintrie,5,4,storage_sload_k100,16,,7034,0,0,0.0303,9.0935,0.0026,0.1598,15.1684,0,4,0,0,0,0,0,0,0,0,0,0,4,0,0,0,0,0,0,0,0,0
pbt,bintrie,5,4,storage_sload_k100,16,,7035,86852,2,0.1141,19.8473,4.3566,6.0211,30.5444,2.8435,11,0,0,0,3,0,0,0,1,157,5,6,45.45,0,0,0,0,0,0,0,0
pbt,bintrie,5,4,storage_sload_k100,16,,7036,5900240,1,110.7174,27.7606,4.3086,1.8156,144.8638,40.7296,107,258,101,2957,2,0,0,0,0,0,26,81,24.3,45,213,17.44,101,0,100,2957,0
pbt,bintrie,5,4,storage_sload_k100,16,,7037,21000,1,0.1209,21.9149,4.9754,0.4748,28.0125,0.7497,6,0,0,0,2,0,0,0,0,0,2,4,33.33,0,0,0,0,0,0,0,0
pbt,bintrie,5,4,storage_sload_k100,16,,7038,0,0,0.0387,12.7232,0.0035,0.3175,13.5752,0,4,0,0,0,0,0,0,0,0,0,0,4,0,0,0,0,0,0,0,0,0
pbt,bintrie,5,4,storage_sload_k100,17,,7039,0,0,0.0621,10.8368,0.0017,0.7996,12.0287,0,4,0,0,0,0,0,0,0,0,0,0,4,0,0,0,0,0,0,0,0,0
pbt,bintrie,5,4,storage_sload_k100,17,,7040,0,0,0.0366,20.9096,0.003,0.1396,21.3014,0,4,0,0,0,0,0,0,0,0,0,0,4,0,0,0,0,0,0,0,0,0
pbt,bintrie,5,4,storage_sload_k100,17,,7041,0,0,0.039,10.6676,0.0027,0.4221,12.8275,0,4,0,0,0,0,0,0,0,0,0,0,4,0,0,0,0,0,0,0,0,0
pbt,bintrie,5,4,storage_sload_k100,17,,7042,86852,2,0.1273,23.3447,4.1312,5.2861,33.0525,2.6277,11,0,0,0,3,0,0,0,1,157,5,6,45.45,0,0,0,0,0,0,0,0
pbt,bintrie,5,4,storage_sload_k100,17,,7043,5900240,1,107.4792,23.1859,5.0057,0.7579,136.8165,43.1252,107,258,101,2957,2,0,0,0,0,0,64,43,59.81,160,98,62.02,101,0,100,2957,0
pbt,bintrie,5,4,storage_sload_k100,17,,7044,21000,1,0.0583,8.8588,7.1545,0.5126,16.7774,1.2517,6,0,0,0,2,0,0,0,0,0,2,4,33.33,0,0,0,0,0,0,0,0
pbt,bintrie,5,4,storage_sload_k100,17,,7045,0,0,0.0383,4.3759,0.0026,1.484,6.1062,0,4,0,0,0,0,0,0,0,0,0,0,4,0,0,0,0,0,0,0,0,0
pbt,bintrie,5,4,storage_sload_k100,18,,7046,0,0,0.0516,7.5122,0.0019,0.1814,7.9166,0,4,0,0,0,0,0,0,0,0,0,0,4,0,0,0,0,0,0,0,0,0
pbt,bintrie,5,4,storage_sload_k100,18,,7047,0,0,0.0252,14.2805,0.002,0.1423,14.6414,0,4,0,0,0,0,0,0,0,0,0,0,4,0,0,0,0,0,0,0,0,0
pbt,bintrie,5,4,storage_sload_k100,18,,7048,0,0,0.0383,3.1441,0.0029,0.2404,12.3408,0,4,0,0,0,0,0,0,0,0,0,0,4,0,0,0,0,0,0,0,0,0
pbt,bintrie,5,4,storage_sload_k100,18,,7049,86852,2,0.1838,21.2888,15.476,4.882,42.0559,2.0652,11,0,0,0,3,0,0,0,1,157,5,6,45.45,0,0,0,0,0,0,0,0
pbt,bintrie,5,4,storage_sload_k100,18,,7050,5900240,1,111.204,13.4603,3.4291,0.5486,128.8895,45.7775,107,258,101,2957,2,0,0,0,0,0,42,65,39.25,70,188,27.13,101,0,100,2957,0
pbt,bintrie,5,4,storage_sload_k100,18,,7051,21000,1,0.084,21.9633,2.7054,0.54,25.4843,0.824,6,0,0,0,2,0,0,0,0,0,2,4,33.33,0,0,0,0,0,0,0,0
pbt,bintrie,5,4,storage_sload_k100,18,,7052,0,0,0.0355,8.4657,0.0039,0.2018,14.6322,0,4,0,0,0,0,0,0,0,0,0,0,4,0,0,0,0,0,0,0,0,0
pbt,bintrie,5,4,storage_sload_k100,19,,7053,0,0,0.0378,9.0625,0.0025,0.2251,9.5397,0,4,0,0,0,0,0,0,0,0,0,0,4,0,0,0,0,0,0,0,0,0
pbt,bintrie,5,4,storage_sload_k100,19,,7054,0,0,0.0325,20.4703,0.0024,0.1357,20.7801,0,4,0,0,0,0,0,0,0,0,0,0,4,0,0,0,0,0,0,0,0,0
pbt,bintrie,5,4,storage_sload_k100,19,,7055,0,0,0.0476,4.153,0.004,3.7399,11.7654,0,4,0,0,0,0,0,0,0,0,0,0,4,0,0,0,0,0,0,0,0,0
pbt,bintrie,5,4,storage_sload_k100,19,,7056,86852,2,0.4339,17.345,14.1431,4.7666,36.9061,2.3533,11,0,0,0,3,0,0,0,1,157,4,7,36.36,0,0,0,0,0,0,0,0
pbt,bintrie,5,4,storage_sload_k100,19,,7057,5900240,1,158.6294,33.9256,5.0192,1.988,199.9375,29.5104,107,258,101,2957,2,0,0,0,0,0,20,87,18.69,41,217,15.89,101,0,100,2957,0
pbt,bintrie,5,4,storage_sload_k100,19,,7058,21000,1,0.0718,7.5804,4.3092,0.4648,23.7744,0.8833,6,0,0,0,2,0,0,0,0,0,2,4,33.33,0,0,0,0,0,0,0,0
pbt,bintrie,5,4,storage_sload_k100,19,,7059,0,0,0.0471,17.4807,0.0028,0.1658,17.9,0,4,0,0,0,0,0,0,0,0,0,0,4,0,0,0,0,0,0,0,0,0
pbt,bintrie,5,4,storage_sload_k100,1,,6926,0,0,0.0585,3.371,0.0022,0.4605,4.2354,0,4,0,0,0,0,0,0,0,0,0,0,4,0,0,0,0,0,0,0,0,0
pbt,bintrie,5,4,storage_sload_k100,1,,6927,0,0,0.0559,18.5506,0.0029,0.1385,18.9409,0,4,0,0,0,0,0,0,0,0,0,0,4,0,0,0,0,0,0,0,0,0
pbt,bintrie,5,4,storage_sload_k100,1,,6928,0,0,0.0401,9.0775,0.0022,0.1538,9.4115,0,4,0,0,0,0,0,0,0,0,0,0,4,0,0,0,0,0,0,0,0,0
pbt,bintrie,5,4,storage_sload_k100,1,,6929,86852,2,0.1183,19.5846,3.7846,9.3185,33.0113,2.631,11,0,0,0,3,0,0,0,1,157,5,6,45.45,0,0,0,0,0,0,0,0
pbt,bintrie,5,4,storage_sload_k100,1,,6930,5900240,1,102.4249,17.0595,6.6876,0.7604,133.205,44.2944,107,258,101,2957,2,0,0,0,0,0,35,72,32.71,81,177,31.4,101,0,100,2957,0
pbt,bintrie,5,4,storage_sload_k100,1,,6931,21000,1,0.0847,16.3539,2.2424,0.5256,19.4307,1.0808,6,0,0,0,2,0,0,0,0,0,2,4,33.33,0,0,0,0,0,0,0,0
pbt,bintrie,5,4,storage_sload_k100,1,,6932,0,0,0.0348,12.7146,0.0023,0.1363,13.0363,0,4,0,0,0,0,0,0,0,0,0,0,4,0,0,0,0,0,0,0,0,0
pbt,bintrie,5,4,storage_sload_k100,20,,7060,0,0,0.7912,4.3558,0.0023,0.2923,5.6848,0,4,0,0,0,0,0,0,0,0,0,0,4,0,0,0,0,0,0,0,0,0
pbt,bintrie,5,4,storage_sload_k100,20,,7061,0,0,0.0363,22.9419,0.0018,0.1319,23.2714,0,4,0,0,0,0,0,0,0,0,0,0,4,0,0,0,0,0,0,0,0,0
pbt,bintrie,5,4,storage_sload_k100,20,,7062,0,0,0.0907,4.0497,0.0019,0.146,8.33,0,4,0,0,0,0,0,0,0,0,0,0,4,0,0,0,0,0,0,0,0,0
pbt,bintrie,5,4,storage_sload_k100,20,,7063,86852,2,0.1394,19.7449,3.7957,4.9161,28.7793,3.0179,11,0,0,0,3,0,0,0,1,157,6,5,54.55,0,0,0,0,0,0,0,0
pbt,bintrie,5,4,storage_sload_k100,20,,7064,5900240,1,122.9656,21.2139,13.2628,0.5494,158.7384,37.1696,107,258,101,2957,2,0,0,0,0,0,66,41,61.68,181,77,70.16,101,0,100,2957,0
pbt,bintrie,5,4,storage_sload_k100,20,,7065,21000,1,0.2062,11.1689,1.9433,3.3148,29.1125,0.7213,6,0,0,0,2,0,0,0,0,0,0,6,0,0,0,0,0,0,0,0,0
pbt,bintrie,5,4,storage_sload_k100,20,,7066,0,0,0.047,11.318,0.0032,0.2253,11.8547,0,4,0,0,0,0,0,0,0,0,0,0,4,0,0,0,0,0,0,0,0,0
pbt,bintrie,5,4,storage_sload_k100,2,,6933,0,0,0.0421,7.4157,0.0023,0.2767,7.9849,0,4,0,0,0,0,0,0,0,0,0,0,4,0,0,0,0,0,0,0,0,0
pbt,bintrie,5,4,storage_sload_k100,2,,6934,0,0,0.0388,18.7391,0.0015,0.103,19.0691,0,4,0,0,0,0,0,0,0,0,0,0,4,0,0,0,0,0,0,0,0,0
pbt,bintrie,5,4,storage_sload_k100,2,,6935,0,0,0.0445,6.6332,0.0031,0.3225,7.7367,0,4,0,0,0,0,0,0,0,0,0,0,4,0,0,0,0,0,0,0,0,0
pbt,bintrie,5,4,storage_sload_k100,2,,6936,86852,2,0.1092,19.3802,3.3213,6.0945,29.1277,2.9818,11,0,0,0,3,0,0,0,1,157,5,6,45.45,0,0,0,0,0,0,0,0
pbt,bintrie,5,4,storage_sload_k100,2,,6937,5900240,1,109.8481,26.2774,3.0102,0.6477,140.2524,42.0687,107,258,101,2957,2,0,0,0,0,0,31,76,28.97,59,199,22.87,101,0,100,2957,0
pbt,bintrie,5,4,storage_sload_k100,2,,6938,21000,1,0.0589,11.4231,4.734,0.4623,16.854,1.246,6,0,0,0,2,0,0,0,0,0,2,4,33.33,0,0,0,0,0,0,0,0
pbt,bintrie,5,4,storage_sload_k100,2,,6939,0,0,0.0457,7.7491,0.0027,0.1988,8.2703,0,4,0,0,0,0,0,0,0,0,0,0,4,0,0,0,0,0,0,0,0,0
pbt,bintrie,5,4,storage_sload_k100,3,,6940,0,0,0.7762,4.574,0.0029,0.6295,6.4799,0,4,0,0,0,0,0,0,0,0,0,0,4,0,0,0,0,0,0,0,0,0
pbt,bintrie,5,4,storage_sload_k100,3,,6941,0,0,0.0384,21.5814,0.0025,0.1725,21.9559,0,4,0,0,0,0,0,0,0,0,0,0,4,0,0,0,0,0,0,0,0,0
pbt,bintrie,5,4,storage_sload_k100,3,,6942,0,0,0.0466,8.2205,0.0024,0.1388,8.5783,0,4,0,0,0,0,0,0,0,0,0,0,4,0,0,0,0,0,0,0,0,0
pbt,bintrie,5,4,storage_sload_k100,3,,6943,86852,2,0.1857,22.434,5.0189,5.6019,33.4231,2.5986,11,0,0,0,3,0,0,0,1,157,5,6,45.45,0,0,0,0,0,0,0,0
pbt,bintrie,5,4,storage_sload_k100,3,,6944,5900240,1,102.1222,28.9553,5.2045,0.6078,137.3038,42.9722,107,258,101,2957,2,0,0,0,0,0,32,75,29.91,73,185,28.29,101,0,100,2957,0
pbt,bintrie,5,4,storage_sload_k100,3,,6945,21000,1,0.0692,11.6936,13.643,0.547,26.1336,0.8036,6,0,0,0,2,0,0,0,0,0,2,4,33.33,0,0,0,0,0,0,0,0
pbt,bintrie,5,4,storage_sload_k100,3,,6946,0,0,0.0398,4.2223,0.0023,0.1194,4.5705,0,4,0,0,0,0,0,0,0,0,0,0,4,0,0,0,0,0,0,0,0,0
pbt,bintrie,5,4,storage_sload_k100,4,,6947,0,0,0.0886,10.0483,0.0025,0.2336,10.6577,0,4,0,0,0,0,0,0,0,0,0,0,4,0,0,0,0,0,0,0,0,0
pbt,bintrie,5,4,storage_sload_k100,4,,6948,0,0,0.0462,3.4801,0.0027,0.2054,13.164,0,4,0,0,0,0,0,0,0,0,0,0,4,0,0,0,0,0,0,0,0,0
pbt,bintrie,5,4,storage_sload_k100,4,,6949,0,0,0.0419,4.5186,0.0033,0.2211,13.1448,0,4,0,0,0,0,0,0,0,0,0,0,4,0,0,0,0,0,0,0,0,0
pbt,bintrie,5,4,storage_sload_k100,4,,6950,86852,2,0.1018,24.6664,2.9999,4.3249,38.2193,2.2725,11,0,0,0,3,0,0,0,1,157,6,5,54.55,0,0,0,0,0,0,0,0
pbt,bintrie,5,4,storage_sload_k100,4,,6951,5900240,1,102.9896,26.0218,6.8224,1.32,137.575,42.8874,107,258,101,2957,2,0,0,0,0,0,27,80,25.23,56,202,21.71,101,0,100,2957,0
pbt,bintrie,5,4,storage_sload_k100,4,,6952,21000,1,0.059,18.2364,2.5484,0.5602,21.5908,0.9726,6,0,0,0,2,0,0,0,0,0,2,4,33.33,0,0,0,0,0,0,0,0
pbt,bintrie,5,4,storage_sload_k100,5,,6954,0,0,0.1766,12.1063,0.0017,0.2241,12.7842,0,4,0,0,0,0,0,0,0,0,0,0,4,0,0,0,0,0,0,0,0,0
pbt,bintrie,5,4,storage_sload_k100,5,,6955,0,0,0.0378,19.2227,0.0022,0.1504,19.5789,0,4,0,0,0,0,0,0,0,0,0,0,4,0,0,0,0,0,0,0,0,0
pbt,bintrie,5,4,storage_sload_k100,5,,6956,0,0,0.0546,5.2196,0.0022,2.6702,9.8087,0,4,0,0,0,0,0,0,0,0,0,0,4,0,0,0,0,0,0,0,0,0
pbt,bintrie,5,4,storage_sload_k100,5,,6957,86852,2,0.1205,25.3624,6.4776,4.6446,37.4497,2.3192,11,0,0,0,3,0,0,0,1,157,6,5,54.55,0,0,0,0,0,0,0,0
pbt,bintrie,5,4,storage_sload_k100,5,,6958,5900240,1,104.7708,34.1624,4.2937,1.406,144.8537,40.7324,107,258,101,2957,2,0,0,0,0,0,5,102,4.67,4,254,1.55,101,0,100,2957,0
pbt,bintrie,5,4,storage_sload_k100,5,,6959,21000,1,0.0696,5.4641,8.1685,0.5927,14.483,1.45,6,0,0,0,2,0,0,0,0,0,0,6,0,0,0,0,0,0,0,0,0
pbt,bintrie,5,4,storage_sload_k100,5,,6960,0,0,0.3923,5.8479,0.0021,0.1219,6.5544,0,4,0,0,0,0,0,0,0,0,0,0,4,0,0,0,0,0,0,0,0,0
pbt,bintrie,5,4,storage_sload_k100,6,,6961,0,0,0.0519,3.5258,0.0022,0.2686,4.0747,0,4,0,0,0,0,0,0,0,0,0,0,4,0,0,0,0,0,0,0,0,0
pbt,bintrie,5,4,storage_sload_k100,6,,6962,0,0,0.0951,6.9624,0.0025,0.8884,8.5461,0,4,0,0,0,0,0,0,0,0,0,0,4,0,0,0,0,0,0,0,0,0
pbt,bintrie,5,4,storage_sload_k100,6,,6963,0,0,0.0334,11.6666,0.0021,0.128,11.9817,0,4,0,0,0,0,0,0,0,0,0,0,4,0,0,0,0,0,0,0,0,0
pbt,bintrie,5,4,storage_sload_k100,6,,6964,86852,2,0.1591,25.7945,2.9304,5.3902,38.1885,2.2743,11,0,0,0,3,0,0,0,1,157,6,5,54.55,0,0,0,0,0,0,0,0
pbt,bintrie,5,4,storage_sload_k100,6,,6965,5900240,1,106.1713,26.9046,3.2106,1.0813,137.851,42.8016,107,258,101,2957,2,0,0,0,0,0,6,101,5.61,16,242,6.2,101,0,100,2957,0
pbt,bintrie,5,4,storage_sload_k100,6,,6966,21000,1,0.2075,14.8435,17.1703,2.2372,34.7075,0.6051,6,0,0,0,2,0,0,0,0,0,0,6,0,0,0,0,0,0,0,0,0
pbt,bintrie,5,4,storage_sload_k100,6,,6967,0,0,0.0345,4.4877,0.0029,1.1083,6.8977,0,4,0,0,0,0,0,0,0,0,0,0,4,0,0,0,0,0,0,0,0,0
pbt,bintrie,5,4,storage_sload_k100,7,,6968,0,0,0.0356,3.3413,0.0019,0.299,3.8592,0,4,0,0,0,0,0,0,0,0,0,0,4,0,0,0,0,0,0,0,0,0
pbt,bintrie,5,4,storage_sload_k100,7,,6969,0,0,0.0313,2.6538,0.0033,1.033,9.6321,0,4,0,0,0,0,0,0,0,0,0,0,4,0,0,0,0,0,0,0,0,0
pbt,bintrie,5,4,storage_sload_k100,7,,6970,0,0,0.0541,8.7461,0.0027,0.7847,12.9498,0,4,0,0,0,0,0,0,0,0,0,0,4,0,0,0,0,0,0,0,0,0
pbt,bintrie,5,4,storage_sload_k100,7,,6971,86852,2,0.1293,14.6875,3.2746,4.8347,37.6377,2.3076,11,0,0,0,3,0,0,0,1,157,6,5,54.55,0,0,0,0,0,0,0,0
pbt,bintrie,5,4,storage_sload_k100,7,,6972,5900240,1,105.8908,32.1535,3.5054,1.4296,143.4482,41.1315,107,258,101,2957,2,0,0,0,0,0,20,87,18.69,18,240,6.98,101,0,100,2957,0
pbt,bintrie,5,4,storage_sload_k100,7,,6973,21000,1,0.0625,10.6092,13.4609,0.5287,24.9131,0.8429,6,0,0,0,2,0,0,0,0,0,2,4,33.33,0,0,0,0,0,0,0,0
pbt,bintrie,5,4,storage_sload_k100,7,,6974,0,0,0.0419,10.2697,0.0022,0.1328,10.6118,0,4,0,0,0,0,0,0,0,0,0,0,4,0,0,0,0,0,0,0,0,0
pbt,bintrie,5,4,storage_sload_k100,8,,6975,0,0,0.0395,6.3063,0.0019,0.1751,6.7197,0,4,0,0,0,0,0,0,0,0,0,0,4,0,0,0,0,0,0,0,0,0
pbt,bintrie,5,4,storage_sload_k100,8,,6976,0,0,0.1077,10.2652,0.0024,0.1699,10.7114,0,4,0,0,0,0,0,0,0,0,0,0,4,0,0,0,0,0,0,0,0,0
pbt,bintrie,5,4,storage_sload_k100,8,,6977,0,0,0.0697,5.1585,0.0037,0.2608,8.9966,0,4,0,0,0,0,0,0,0,0,0,0,4,0,0,0,0,0,0,0,0,0
pbt,bintrie,5,4,storage_sload_k100,8,,6978,86852,2,0.1191,21.0876,4.6292,8.1932,34.2236,2.5378,11,0,0,0,3,0,0,0,1,157,6,5,54.55,0,0,0,0,0,0,0,0
pbt,bintrie,5,4,storage_sload_k100,8,,6979,5900240,1,113.4856,25.0052,4.5408,1.7366,144.9872,40.6949,107,258,101,2957,2,0,0,0,0,0,38,69,35.51,98,160,37.98,101,0,100,2957,0
pbt,bintrie,5,4,storage_sload_k100,8,,6980,21000,1,0.0636,7.4764,3.0041,0.5434,23.6286,0.8888,6,0,0,0,2,0,0,0,0,0,2,4,33.33,0,0,0,0,0,0,0,0
pbt,bintrie,5,4,storage_sload_k100,8,,6981,0,0,0.061,21.456,0.0038,0.1259,21.8398,0,4,0,0,0,0,0,0,0,0,0,0,4,0,0,0,0,0,0,0,0,0
pbt,bintrie,5,4,storage_sload_k100,9,,6982,0,0,0.2522,7.0779,0.0027,0.8383,8.3615,0,4,0,0,0,0,0,0,0,0,0,0,4,0,0,0,0,0,0,0,0,0
pbt,bintrie,5,4,storage_sload_k100,9,,6983,0,0,0.0524,8.8785,0.0032,0.1615,9.6095,0,4,0,0,0,0,0,0,0,0,0,0,4,0,0,0,0,0,0,0,0,0
pbt,bintrie,5,4,storage_sload_k100,9,,6984,0,0,0.0304,10.4904,0.0028,0.1442,11.737,0,4,0,0,0,0,0,0,0,0,0,0,4,0,0,0,0,0,0,0,0,0
pbt,bintrie,5,4,storage_sload_k100,9,,6985,86852,2,0.1494,13.2534,13.3942,4.6719,34.1038,2.5467,11,0,0,0,3,0,0,0,1,157,6,5,54.55,0,0,0,0,0,0,0,0
pbt,bintrie,5,4,storage_sload_k100,9,,6986,5900240,1,103.1721,20.1603,4.8214,0.673,129.2106,45.6638,107,258,101,2957,2,0,0,0,0,0,34,73,31.78,58,200,22.48,101,0,100,2957,0
pbt,bintrie,5,4,storage_sload_k100,9,,6987,0,0,0.0491,17.4553,0.0032,0.2201,18.4788,0,4,0,0,0,0,0,0,0,0,0,0,4,0,0,0,0,0,0,0,0,0
pbt,bintrie,5,4,storage_sload_k100,9,,6988,21000,1,0.0743,13.1925,3.8387,0.4379,17.7258,1.1847,6,0,0,0,2,0,0,0,0,0,2,4,33.33,0,0,0,0,0,0,0,0
pbt,bintrie,5,4,storage_sload_k100,9,,6989,0,0,0.0403,18.6485,0.002,0.1209,19.0655,0,4,0,0,0,0,0,0,0,0,0,0,4,0,0,0,0,0,0,0,0,0
