metric,ubt_median,pbt_median,pbt_over_ubt,log_ratio
chain_prefetch_interrupts,0.0,3.0,inf,inf
chain_account_single_reads {quantile=0.75},4272833.875,109881.25,0.02571624669119625,-3.6606323198417146
chain_account_reads {quantile=0.75},19119042.375,525578.25,0.027489779021947484,-3.593941015325924
chain_account_reads {quantile=0.5},9042796.25,354668.0,0.0392210539964339,-3.2385415846221055
chain_account_single_reads {quantile=0.5},1779546.75,80717.25,0.04535831947095517,-3.0931616689492434
chain_inserts {quantile=0.5},14206060.0,700460.25,0.049307144275048814,-3.0096862941313627
chain_inserts {quantile=0.75},25245738.875,2646387.0,0.10482509595394046,-2.2554620705530564
chain_account_single_reads {quantile=0.95},7594590.0,963203.0,0.12682751800953046,-2.0649272415216227
chain_account_single_reads {quantile=0.9999},7594590.0,963203.0,0.12682751800953046,-2.0649272415216227
chain_account_single_reads {quantile=0.999},7594590.0,963203.0,0.12682751800953046,-2.0649272415216227
chain_account_single_reads {quantile=0.99},7594590.0,963203.0,0.12682751800953046,-2.0649272415216227
pathdb_dirty_node_depth {quantile=0.99},128.0,28.76000000000022,0.2246875000000017,-1.4930447310667636
eth_db_chaindata_tables_level5,5699.0,1604.0,0.2814528864713108,-1.2677902114085398
pathdb_clean_node_miss,51.5,15.0,0.2912621359223301,-1.2335316065674804
pathdb_clean_node_write,30939.0,10670.0,0.3448721678140858,-1.0645814586883795
chain_account_reads {quantile=0.95},34748011.0,13025541.5,0.37485718247297667,-0.9812101722909928
chain_account_reads {quantile=0.9999},34748011.0,13025541.5,0.37485718247297667,-0.9812101722909928
chain_account_reads {quantile=0.999},34748011.0,13025541.5,0.37485718247297667,-0.9812101722909928
chain_account_reads {quantile=0.99},34748011.0,13025541.5,0.37485718247297667,-0.9812101722909928
system_cpu_schedlatency {quantile=0.95},384.0,1024.0,2.6666666666666665,0.9808292530117262
chain_account_hashes {quantile=0.5},811.25,395.25,0.487211093990755,-0.7190577919287183
system_cpu_syswait,2.0,1.0,0.5,-0.6931471805599453
chain_execution {quantile=0.5},41799.0,21747.25,0.5202815856838681,-0.6533851030402841
pathdb_dirty_node_read,28927230.0,15712454.0,0.5431717450996864,-0.6103297197391007
chain_storage_updates {quantile=0.5},1240.25,694.75,0.5601693207014715,-0.5795161825585451
eth_db_chaindata_tables_level3,106.0,60.0,0.5660377358490566,-0.5690945318899665
chain_account_updates {quantile=0.75},282.375,161.0,0.5701637892872953,-0.5618316098037043
eth_db_chaindata_compact_time,516323618.0,904627338.5,1.7520549263349794,0.5607893426705977
filtermaps_maps_rendertime {quantile=0.5},693164.5,395696.0,0.570854393149101,-0.5606211050864861
chain_execution {quantile=0.75},64943.5,38349.75,0.5905094428233773,-0.5267696522390861
chain_account_hashes {quantile=0.75},1192.25,726.0,0.6089326902914657,-0.4960475423535377
txpool_reheap {quantile=0.95},3587.299999999993,2234.4499999999985,0.6228779304769612,-0.47340471763231623
chain_account_updates {quantile=0.5},178.0,111.5,0.6264044943820225,-0.46775895939191164
chain_storage_updates {quantile=0.75},1763.5,1110.875,0.6299262829600227,-0.4621524776174673
chain_storage_updates {quantile=0.95},14930850.0,9467985.5,0.6341223373083247,-0.4555133821053609
chain_storage_updates {quantile=0.9999},14930850.0,9467985.5,0.6341223373083247,-0.4555133821053609
chain_storage_updates {quantile=0.999},14930850.0,9467985.5,0.6341223373083247,-0.4555133821053609
chain_storage_updates {quantile=0.99},14930850.0,9467985.5,0.6341223373083247,-0.4555133821053609
chain_crossvalidation {quantile=0.95},220.0,336.5,1.5295454545454545,0.42497060273242093
chain_crossvalidation {quantile=0.9999},220.0,336.5,1.5295454545454545,0.42497060273242093
chain_crossvalidation {quantile=0.999},220.0,336.5,1.5295454545454545,0.42497060273242093
chain_crossvalidation {quantile=0.99},220.0,336.5,1.5295454545454545,0.42497060273242093
chain_prefetch_executes {quantile=0.75},2718074.5,1829309.375,0.6730166428477218,-0.3959852203003486
chain_account_commits {quantile=0.95},957491.0,645606.5,0.6742690009618889,-0.3941261364741079
chain_account_commits {quantile=0.9999},957491.0,645606.5,0.6742690009618889,-0.3941261364741079
chain_account_commits {quantile=0.999},957491.0,645606.5,0.6742690009618889,-0.3941261364741079
chain_account_commits {quantile=0.99},957491.0,645606.5,0.6742690009618889,-0.3941261364741079
blobpool_pendtime {quantile=0.5},459.0,309.75,0.6748366013071896,-0.39328468955129325
eth_db_chaindata_tables_level4,1029.0,696.0,0.6763848396501457,-0.39099307549963
eth_db_chaindata_tables_level2,16.0,11.0,0.6875,-0.3746934494414107
blobpool_pendtime {quantile=0.75},581.625,404.75,0.6958951214270364,-0.362556317607068
chain_validation {quantile=0.95},3409717.0,4717730.5,1.3836135081005256,0.324698561043139
chain_validation {quantile=0.9999},3409717.0,4717730.5,1.3836135081005256,0.324698561043139
chain_validation {quantile=0.999},3409717.0,4717730.5,1.3836135081005256,0.324698561043139
chain_validation {quantile=0.99},3409717.0,4717730.5,1.3836135081005256,0.324698561043139
blobpool_pendtime {quantile=0.95},1068.5,772.5,0.7229761347683669,-0.3243790659873018
blobpool_pendtime {quantile=0.9999},1068.5,772.5,0.7229761347683669,-0.3243790659873018
blobpool_pendtime {quantile=0.999},1068.5,772.5,0.7229761347683669,-0.3243790659873018
blobpool_pendtime {quantile=0.99},1068.5,772.5,0.7229761347683669,-0.3243790659873018
chain_triedb_commits {quantile=0.75},214.5,289.25,1.3484848484848484,0.29898162770571424
eth_db_chaindata_filter_hit,180897.0,242851.0,1.3424821859953455,0.294520278035635
rpc_duration_eth_getTransactionCount_success {quantile=0.95},427194.3749999994,570138.4249999995,1.3346112644858683,0.2886400617978221
chain_crossvalidation {quantile=0.75},150.625,199.625,1.325311203319502,0.28164730229025703
chain_write {quantile=0.95},1199529.0,906618.5,0.755812072905282,-0.27996251451705456
chain_write {quantile=0.9999},1199529.0,906618.5,0.755812072905282,-0.27996251451705456
chain_write {quantile=0.999},1199529.0,906618.5,0.755812072905282,-0.27996251451705456
chain_write {quantile=0.99},1199529.0,906618.5,0.755812072905282,-0.27996251451705456
chain_write {quantile=0.5},154802.0,117199.25,0.7570913166496557,-0.2782714031637761
txpool_reorgtime {quantile=0.9999},1645628.0,2152866.5,1.3082339994214975,0.2686781356748421
txpool_reorgtime {quantile=0.999},1645628.0,2152866.5,1.3082339994214975,0.2686781356748421
txpool_reorgtime {quantile=0.99},1645628.0,2152866.5,1.3082339994214975,0.2686781356748421
chain_account_reads_cache_process_hit,25.5,32.5,1.2745098039215685,0.24256163717131127
state_update_accountnodes,157.5,124.0,0.7873015873015873,-0.23914389266065092
rpc_duration_eth_getCode_success {quantile=0.95},435803.49999999977,551601.2749999994,1.2657109798338007,0.2356340036888076
system_disk_readbytes,179410952.5,142122213.5,0.7921601859841862,-0.23299165258796423
system_disk_readdata,179410952.5,142122213.5,0.7921601859841862,-0.23299165258796423
eth_db_chaindata_tables_level6,15194.0,19141.0,1.2597735948400683,0.23093201818294273
system_memory_pauses {quantile=0.9999},2097152.0,2621440.0,1.25,0.22314355131420976
system_memory_pauses {quantile=0.999},2097152.0,2621440.0,1.25,0.22314355131420976
system_memory_pauses {quantile=0.95},163840.0,131072.0,0.8,-0.2231435513142097
chain_account_hashes {quantile=0.95},4714158.0,3805141.0,0.8071729882621669,-0.21421727400343762
chain_account_hashes {quantile=0.9999},4714158.0,3805141.0,0.8071729882621669,-0.21421727400343762
chain_account_hashes {quantile=0.999},4714158.0,3805141.0,0.8071729882621669,-0.21421727400343762
chain_account_hashes {quantile=0.99},4714158.0,3805141.0,0.8071729882621669,-0.21421727400343762
pathdb_dirty_node_miss,636.0,516.0,0.8113207547169812,-0.20909179785855936
chain_write {quantile=0.75},235015.875,190923.375,0.8123850144165793,-0.2077808955113025
pathdb_clean_node_hit,615.0,500.0,0.8130081300813008,-0.20701416938432615
eth_db_chaindata_memory_manualalloc,30010768.5,24451263.5,0.8147496622753929,-0.20487437577772427
txpool_reheap {quantile=0.5},1245.0,1029.5,0.8269076305220884,-0.19006228243096382
pathdb_lookup_remove_time {quantile=0.75},26013.5,31431.5,1.2082764718319334,0.18919494073701368
pathdb_lookup_remove_time {quantile=0.95},26013.5,31431.5,1.2082764718319334,0.18919494073701368
pathdb_lookup_remove_time {quantile=0.9999},26013.5,31431.5,1.2082764718319334,0.18919494073701368
pathdb_lookup_remove_time {quantile=0.999},26013.5,31431.5,1.2082764718319334,0.18919494073701368
pathdb_lookup_remove_time {quantile=0.99},26013.5,31431.5,1.2082764718319334,0.18919494073701368
rpc_duration_all {quantile=0.95},466267.4499999998,563372.4999999998,1.2082604093423206,0.18918164692822623
txpool_reheap {quantile=0.75},1502.25,1249.5,0.8317523714428358,-0.18422051293903025
chain_validation {quantile=0.5},97353.25,81812.25,0.8403648568486414,-0.1739191280576657
system_memory_objects,367564976.0,309457324.0,0.8419118909740737,-0.17207991276382983
chain_crossvalidation {quantile=0.5},136.25,161.25,1.18348623853211,0.1684645221325284
system_memory_used,385515576.0,325948204.0,0.8454864713429893,-0.16784311154858356
chain_code_single_reads {quantile=0.5},596.0,506.0,0.8489932885906041,-0.16370399777788416
chain_code_single_reads {quantile=0.75},596.0,506.0,0.8489932885906041,-0.16370399777788416
chain_code_single_reads {quantile=0.95},596.0,506.0,0.8489932885906041,-0.16370399777788416
chain_code_single_reads {quantile=0.9999},596.0,506.0,0.8489932885906041,-0.16370399777788416
chain_code_single_reads {quantile=0.999},596.0,506.0,0.8489932885906041,-0.16370399777788416
chain_code_single_reads {quantile=0.99},596.0,506.0,0.8489932885906041,-0.16370399777788416
pathdb_clean_node_read,398884.0,341164.0,0.8552962766117468,-0.15630734771746088
filtermaps_maps_rendertime {quantile=0.75},1516559.75,1299681.625,0.8569933528830631,-0.15432511667690735
blobpool_pendwait {quantile=0.5},159.0,136.5,0.8584905660377359,-0.15257958759521706
pathdb_lookup_remove_time {quantile=0.5},11931.5,13814.5,1.1578175418011147,0.14653680352494405
txpool_reorgtime {quantile=0.95},1050103.8749999995,1211863.95,1.1540419751331747,0.14327054102334277
system_cpu_schedlatency {quantile=0.9999},14680064.0,16777216.0,1.1428571428571428,0.13353139262452257
chain_account_commits {quantile=0.5},10259.0,9005.5,0.8778146018130422,-0.13031986731060063
pathdb_gc_node_bytes,114336.0,100683.5,0.8805931640078366,-0.1271595485706551
rpc_duration_eth_getBalance_success {quantile=0.95},499986.1749999995,567084.2749999998,1.1341999106275296,0.12592747779998248
blobpool_resettime {quantile=0.75},244618.625,217155.375,0.8877303394212113,-0.11908725393055196
blobpool_pendwait {quantile=0.95},222.5,198.5,0.8921348314606742,-0.11413800147904977
blobpool_pendwait {quantile=0.9999},222.5,198.5,0.8921348314606742,-0.11413800147904977
blobpool_pendwait {quantile=0.999},222.5,198.5,0.8921348314606742,-0.11413800147904977
blobpool_pendwait {quantile=0.99},222.5,198.5,0.8921348314606742,-0.11413800147904977
chain_account_updates {quantile=0.95},18797138.5,21062398.0,1.1205108692474655,0.11378471456651801
chain_account_updates {quantile=0.9999},18797138.5,21062398.0,1.1205108692474655,0.11378471456651801
chain_account_updates {quantile=0.999},18797138.5,21062398.0,1.1205108692474655,0.11378471456651801
chain_account_updates {quantile=0.99},18797138.5,21062398.0,1.1205108692474655,0.11378471456651801
rpc_duration_eth_getTransactionCount_success {quantile=0.99},1369826.715000002,1533168.6300000027,1.1192427576505548,0.11265234740150039
chain_account_commits {quantile=0.75},16002.5,14310.0,0.8942352757381659,-0.11178636646566192
system_memory_frees,11289194776.0,10112802288.0,0.8957948275902792,-0.11004387929316799
system_memory_allocs,11573438752.0,10390644380.0,0.8978009563669569,-0.10780688740101559
blobpool_resettime {quantile=0.5},169868.75,152917.25,0.9002082490157842,-0.1051291546285376
chain_triedb_commits {quantile=0.5},155.25,172.0,1.107890499194847,0.10245775599986492
blobpool_resetwait {quantile=0.75},200.5,181.0,0.9027431421446384,-0.10231721548079818
rpc_duration_eth_getCode_success {quantile=0.99},1352834.8100000015,1498328.8900000018,1.107547557857415,0.10214816364716559
rpc_duration_all {quantile=0.99},1372342.3250000004,1514584.3800000018,1.1036491059182345,0.09862205849125448
pathdb_dirty_node_write,10700279.5,9705142.0,0.9069989246542579,-0.09761401447491617
chain_storage_reads_cache_prefetch_hit,1181.5,1302.0,1.101988997037664,0.09711672614155199
rpc_duration_eth_getBalance_success {quantile=0.5},63438.0,57621.5,0.9083120527128851,-0.0961672890333451
chain_storage_single_reads {quantile=0.5},11054.5,10064.5,0.9104437107060473,-0.0938232041241877
chain_storage_single_reads {quantile=0.75},11054.5,10064.5,0.9104437107060473,-0.0938232041241877
chain_storage_single_reads {quantile=0.95},11054.5,10064.5,0.9104437107060473,-0.0938232041241877
chain_storage_single_reads {quantile=0.9999},11054.5,10064.5,0.9104437107060473,-0.0938232041241877
chain_storage_single_reads {quantile=0.999},11054.5,10064.5,0.9104437107060473,-0.0938232041241877
chain_storage_single_reads {quantile=0.99},11054.5,10064.5,0.9104437107060473,-0.0938232041241877
chain_prefetch_executes {quantile=0.5},117780.0,107281.0,0.9108592290711496,-0.09336691718450678
rpc_duration_eth_getBalance_success {quantile=0.99},1398478.3900000006,1524523.0200000014,1.0901298374728556,0.08629680609476603
txpool_reorgtime {quantile=0.75},184828.375,170475.25,0.9223434983941183,-0.08083756689681845
txpool_reheap {quantile=0.9999},4462.0,4121.0,0.9235768713581354,-0.07950124365366046
txpool_reheap {quantile=0.999},4462.0,4121.0,0.9235768713581354,-0.07950124365366046
txpool_reheap {quantile=0.99},4462.0,4121.0,0.9235768713581354,-0.07950124365366046
rpc_duration_eth_getBalance_success {quantile=0.75},94466.625,87603.75,0.9273513264605356,-0.07542279227040617
chain_validation {quantile=0.75},150083.875,139623.875,0.9303056374310698,-0.07224210442692006
pathdb_lookup_add_time {quantile=0.9999},8259700.0,7688550.5,0.9308510599658584,-0.07165599305739874
pathdb_lookup_add_time {quantile=0.999},8259700.0,7688550.5,0.9308510599658584,-0.07165599305739874
txpool_reorgtime {quantile=0.5},135925.0,126877.5,0.9334375574765496,-0.06888120899656486
filtermaps_maps_rendertime {quantile=0.95},8231251.0,8791805.0,1.0681007054699219,0.0658820296038122
filtermaps_maps_rendertime {quantile=0.9999},8231251.0,8791805.0,1.0681007054699219,0.0658820296038122
filtermaps_maps_rendertime {quantile=0.999},8231251.0,8791805.0,1.0681007054699219,0.0658820296038122
filtermaps_maps_rendertime {quantile=0.99},8231251.0,8791805.0,1.0681007054699219,0.0658820296038122
system_cpu_procload,126.0,118.0,0.9365079365079365,-0.06559728248581323
system_disk_readcount,100886.5,94609.5,0.9377815664137422,-0.06423822872186045
eth_db_chaindata_cache_table_hit,436911.5,465542.0,1.065529289112326,0.06347166078720107
blobpool_pendwait {quantile=0.75},174.5,164.375,0.9419770773638968,-0.05977433871045291
chain_storage_commits {quantile=0.95},1480856.5,1396310.0,0.9429070271157266,-0.058787593875505584
chain_storage_commits {quantile=0.9999},1480856.5,1396310.0,0.9429070271157266,-0.058787593875505584
chain_storage_commits {quantile=0.999},1480856.5,1396310.0,0.9429070271157266,-0.058787593875505584
chain_storage_commits {quantile=0.99},1480856.5,1396310.0,0.9429070271157266,-0.058787593875505584
blobpool_resetwait {quantile=0.5},155.0,146.5,0.9451612903225807,-0.0563996884621246
system_memory_pauses_count,382.0,404.0,1.057591623036649,0.055994269354574785
chain_storage_reads_cache_process_miss,4132.0,3911.5,0.9466360116166506,-0.054840619114393814
rpc_duration_all {quantile=0.5},59349.75,56224.5,0.9473418169410992,-0.05409530378231444
pathdb_lookup_add_time {quantile=0.75},17714.5,18690.0,1.05506788224336,0.05360510821671968
system_memory_held,558071688.0,529931128.0,0.9495753670987158,-0.051740376315135
rpc_duration_all {quantile=0.75},89236.25,84803.625,0.9503270812029865,-0.05094905764067502
rpc_duration_eth_gasPrice_success {quantile=0.5},4219748.5,4012224.5,0.9508207657399487,-0.050429703452779764
rpc_duration_eth_gasPrice_success {quantile=0.75},4219748.5,4012224.5,0.9508207657399487,-0.050429703452779764
rpc_duration_eth_gasPrice_success {quantile=0.95},4219748.5,4012224.5,0.9508207657399487,-0.050429703452779764
rpc_duration_eth_gasPrice_success {quantile=0.9999},4219748.5,4012224.5,0.9508207657399487,-0.050429703452779764
rpc_duration_eth_gasPrice_success {quantile=0.999},4219748.5,4012224.5,0.9508207657399487,-0.050429703452779764
rpc_duration_eth_gasPrice_success {quantile=0.99},4219748.5,4012224.5,0.9508207657399487,-0.050429703452779764
chain_account_reads_cache_process_miss,150.5,143.5,0.9534883720930233,-0.04762804898925459
rpc_duration_eth_getCode_success {quantile=0.5},59024.75,56383.5,0.9552518223287688,-0.045780284958681146
rpc_duration_eth_maxPriorityFeePerGas_success {quantile=0.5},30225.5,28885.5,0.9556665729268333,-0.04534619985530168
rpc_duration_eth_maxPriorityFeePerGas_success {quantile=0.75},30225.5,28885.5,0.9556665729268333,-0.04534619985530168
rpc_duration_eth_maxPriorityFeePerGas_success {quantile=0.95},30225.5,28885.5,0.9556665729268333,-0.04534619985530168
rpc_duration_eth_maxPriorityFeePerGas_success {quantile=0.9999},30225.5,28885.5,0.9556665729268333,-0.04534619985530168
rpc_duration_eth_maxPriorityFeePerGas_success {quantile=0.999},30225.5,28885.5,0.9556665729268333,-0.04534619985530168
rpc_duration_eth_maxPriorityFeePerGas_success {quantile=0.99},30225.5,28885.5,0.9556665729268333,-0.04534619985530168
rpc_duration_eth_chainId_success {quantile=0.75},63800.5,66734.0,1.045979263485396,0.044953540862470005
rpc_duration_eth_chainId_success {quantile=0.95},63800.5,66734.0,1.045979263485396,0.044953540862470005
rpc_duration_eth_chainId_success {quantile=0.9999},63800.5,66734.0,1.045979263485396,0.044953540862470005
rpc_duration_eth_chainId_success {quantile=0.999},63800.5,66734.0,1.045979263485396,0.044953540862470005
rpc_duration_eth_chainId_success {quantile=0.99},63800.5,66734.0,1.045979263485396,0.044953540862470005
pathdb_history_state_time {quantile=0.95},4690026.5,4488957.0,0.957128280618457,-0.0438178519789556
pathdb_history_state_time {quantile=0.9999},4690026.5,4488957.0,0.957128280618457,-0.0438178519789556
pathdb_history_state_time {quantile=0.999},4690026.5,4488957.0,0.957128280618457,-0.0438178519789556
pathdb_history_state_time {quantile=0.99},4690026.5,4488957.0,0.957128280618457,-0.0438178519789556
pathdb_gc_node_count,141.0,135.0,0.9574468085106383,-0.04348511193973878
rpc_duration_eth_getBalance_success {quantile=0.999},4463317.864500006,4660474.236500006,1.0441726038757237,0.043224805177927886
rpc_duration_eth_getBalance_success {quantile=0.9999},4508930.5,4703928.5,1.0432470626903652,0.04233802494792905
pathdb_history_state_time {quantile=0.75},4678315.0,4488957.0,0.9595243159128874,-0.04131762158046647
rpc_duration_eth_chainId_success {quantile=0.5},45744.75,47614.5,1.0408735428655747,0.04006030565988426
blobpool_resetwait {quantile=0.9999},516.5,537.5,1.0406582768635044,0.03985347144212469
blobpool_resetwait {quantile=0.999},516.5,537.5,1.0406582768635044,0.03985347144212469
blobpool_resetwait {quantile=0.99},516.5,537.5,1.0406582768635044,0.03985347144212469
filtermaps_maps_writetime {quantile=0.75},9523694.0,9161338.0,0.9619521584796824,-0.03879056086317461
system_cpu_sysload,145.5,140.0,0.9621993127147767,-0.03853366400224288
pathdb_lookup_add_time {quantile=0.99},7273834.60000003,7001671.560000017,0.9625832789763996,-0.03813469295130581
rpc_duration_eth_getTransactionByHash_success {quantile=0.75},1241098.625,1287052.125,1.037026469189747,0.03635745369477964
rpc_duration_eth_getTransactionCount_success {quantile=0.9999},4893849.0,4719795.5,0.9644342316242287,-0.036213638049744715
chain_code_reads {quantile=0.5},54488.5,52556.0,0.9645338007102416,-0.03611040244974271
chain_code_reads {quantile=0.75},54488.5,52556.0,0.9645338007102416,-0.03611040244974271
chain_code_reads {quantile=0.95},54488.5,52556.0,0.9645338007102416,-0.03611040244974271
chain_code_reads {quantile=0.9999},54488.5,52556.0,0.9645338007102416,-0.03611040244974271
chain_code_reads {quantile=0.999},54488.5,52556.0,0.9645338007102416,-0.03611040244974271
chain_code_reads {quantile=0.99},54488.5,52556.0,0.9645338007102416,-0.03611040244974271
rpc_duration_eth_getTransactionByHash_success {quantile=0.5},270470.5,260950.5,0.9648020763817126,-0.035832300874599314
rpc_duration_eth_getTransactionCount_success {quantile=0.5},57224.25,55230.5,0.9651590016470291,-0.03546242266985303
eth_db_chaindata_disk_size,98499030745.5,95067742369.0,0.9651642422211676,-0.03545699293247076
rpc_duration_eth_blobBaseFee_success {quantile=0.5},34488.0,35730.5,1.0360270238923683,0.03539322833528122
rpc_duration_eth_blobBaseFee_success {quantile=0.75},34488.0,35730.5,1.0360270238923683,0.03539322833528122
rpc_duration_eth_blobBaseFee_success {quantile=0.95},34488.0,35730.5,1.0360270238923683,0.03539322833528122
rpc_duration_eth_blobBaseFee_success {quantile=0.9999},34488.0,35730.5,1.0360270238923683,0.03539322833528122
rpc_duration_eth_blobBaseFee_success {quantile=0.999},34488.0,35730.5,1.0360270238923683,0.03539322833528122
rpc_duration_eth_blobBaseFee_success {quantile=0.99},34488.0,35730.5,1.0360270238923683,0.03539322833528122
pathdb_lookup_add_time {quantile=0.5},6019.0,6233.5,1.0356371490280778,0.03501684023725888
blobpool_resettime {quantile=0.9999},1823741.5,1764329.5,0.9674230147200138,-0.03311942859299086
blobpool_resettime {quantile=0.999},1823741.5,1764329.5,0.9674230147200138,-0.03311942859299086
blobpool_resettime {quantile=0.99},1823741.5,1764329.5,0.9674230147200138,-0.03311942859299086
rpc_duration_eth_getCode_success {quantile=0.75},88502.0,85629.125,0.9675388691780976,-0.03299968002410549
pathdb_dirty_state_write,10505065.0,10174987.0,0.9685791568162596,-0.03192506812100391
chain_storage_reads_cache_prefetch_miss,4302.0,4168.0,0.9688516968851697,-0.0316437263944725
rpc_duration_eth_getTransactionCount_success {quantile=0.999},4834554.162500006,4684663.798000004,0.9689960315963257,-0.03149476245958578
rpc_duration_eth_getTransactionReceipt_success {quantile=0.5},152646.5,148323.0,0.9716763895667441,-0.02873246250054383
rpc_duration_eth_getTransactionReceipt_success {quantile=0.75},152646.5,148323.0,0.9716763895667441,-0.02873246250054383
rpc_duration_eth_getTransactionReceipt_success {quantile=0.95},152646.5,148323.0,0.9716763895667441,-0.02873246250054383
rpc_duration_eth_getTransactionReceipt_success {quantile=0.9999},152646.5,148323.0,0.9716763895667441,-0.02873246250054383
rpc_duration_eth_getTransactionReceipt_success {quantile=0.999},152646.5,148323.0,0.9716763895667441,-0.02873246250054383
rpc_duration_eth_getTransactionReceipt_success {quantile=0.99},152646.5,148323.0,0.9716763895667441,-0.02873246250054383
eth_db_chaindata_ancient_read,66141.5,64422.0,0.9740027063190282,-0.026341196781831562
pathdb_history_state_time {quantile=0.5},90932.0,93332.5,1.0263988474904324,0.026056411452751588
eth_db_chaindata_cache_block_hit,1516527.0,1555882.0,1.025950741397944,0.025619735262656998
eth_db_chaindata_cache_table_miss,22049.0,21516.0,0.9758265680983265,-0.024470404979526766
rpc_duration_all {quantile=0.9999},4761350.0,4650793.5,0.9767804299200857,-0.023493391275690324
eth_db_chaindata_cache_block_miss,61529.0,62925.0,1.0226884883550846,0.022434932635731937
rpc_duration_eth_getTransactionByHash_success {quantile=0.95},3120281.0,3060155.0,0.980730581636718,-0.019457493592216647
rpc_duration_eth_getTransactionByHash_success {quantile=0.9999},3120281.0,3060155.0,0.980730581636718,-0.019457493592216647
rpc_duration_eth_getTransactionByHash_success {quantile=0.999},3120281.0,3060155.0,0.980730581636718,-0.019457493592216647
rpc_duration_eth_getTransactionByHash_success {quantile=0.99},3120281.0,3060155.0,0.980730581636718,-0.019457493592216647
rpc_duration_all {quantile=0.999},4690973.197500009,4601216.690500006,0.980866122396982,-0.01931929927306735
filtermaps_maps_writetime {quantile=0.95},19680682.5,19304145.0,0.9808676604584216,-0.019317731209701174
filtermaps_maps_writetime {quantile=0.9999},19680682.5,19304145.0,0.9808676604584216,-0.019317731209701174
filtermaps_maps_writetime {quantile=0.999},19680682.5,19304145.0,0.9808676604584216,-0.019317731209701174
filtermaps_maps_writetime {quantile=0.99},19680682.5,19304145.0,0.9808676604584216,-0.019317731209701174
blobpool_resetwait {quantile=0.95},462.79999999999984,471.64999999999975,1.0191227312013826,0.01894218977634045
filtermaps_maps_writetime {quantile=0.5},4905080.75,4820156.0,0.9826863706576084,-0.01746526299088727
system_cpu_schedlatency_count,63449.5,62357.5,0.982789462485914,-0.01736036032389772
chain_account_reads_cache_prefetch_hit,32.0,31.5,0.984375,-0.015748356968139168
rpc_duration_eth_getTransactionCount_success {quantile=0.75},85823.75,84487.0,0.9844244745772587,-0.015698098343116206
rpc_duration_eth_sendRawTransaction_success {quantile=0.75},1410585.125,1431872.25,1.0150909892800692,0.0149782530868183
system_cpu_sysload_total,574745.655,582547.7650000001,1.0135748916622955,0.01348357827193656
system_cpu_syswait_total,138730.65000000002,140462.16,1.012481091957689,0.012403845214494566
rpc_duration_eth_sendRawTransaction_success {quantile=0.5},404876.5,399892.0,0.9876888384482676,-0.012387571680385791
system_cpu_procload_total,36.302984,36.7264175,1.0116638758951604,0.011596377251567128
rpc_duration_eth_getCode_success {quantile=0.999},4838076.922500003,4784147.325000005,0.9888530921761097,-0.011209500176357162
chain_triedb_commits {quantile=0.95},11372120.0,11248060.5,0.9890909082915059,-0.010969032178794092
chain_triedb_commits {quantile=0.9999},11372120.0,11248060.5,0.9890909082915059,-0.010969032178794092
chain_triedb_commits {quantile=0.999},11372120.0,11248060.5,0.9890909082915059,-0.010969032178794092
chain_triedb_commits {quantile=0.99},11372120.0,11248060.5,0.9890909082915059,-0.010969032178794092
chain_execution {quantile=0.95},727293577.5,734744518.0,1.0102447494801368,0.010192627714869748
chain_execution {quantile=0.9999},727293577.5,734744518.0,1.0102447494801368,0.010192627714869748
chain_execution {quantile=0.999},727293577.5,734744518.0,1.0102447494801368,0.010192627714869748
chain_execution {quantile=0.99},727293577.5,734744518.0,1.0102447494801368,0.010192627714869748
eth_db_chaindata_ancient_write,42551.5,42134.0,0.9901883599873095,-0.009860091337693066
chain_storage_reads {quantile=0.5},97048134.5,97978998.0,1.0095917711844322,0.009546062201500711
chain_storage_reads {quantile=0.75},97048134.5,97978998.0,1.0095917711844322,0.009546062201500711
chain_storage_reads {quantile=0.95},97048134.5,97978998.0,1.0095917711844322,0.009546062201500711
chain_storage_reads {quantile=0.9999},97048134.5,97978998.0,1.0095917711844322,0.009546062201500711
chain_storage_reads {quantile=0.999},97048134.5,97978998.0,1.0095917711844322,0.009546062201500711
chain_storage_reads {quantile=0.99},97048134.5,97978998.0,1.0095917711844322,0.009546062201500711
system_disk_writecount,15454.0,15316.5,0.9911026271515465,-0.00893719082982685
eth_db_chaindata_disk_write,63147359.0,62591816.5,0.9912024428448385,-0.00883648413751483
rpc_duration_eth_getCode_success {quantile=0.9999},4862244.0,4822966.0,0.9919218369131619,-0.00811096823594254
eth_db_chaindata_filter_miss,184985.5,183538.0,0.9921750623697533,-0.007855713103939886
chain_account_reads_cache_prefetch_miss,88.0,88.5,1.0056818181818181,0.0056657375356773
eth_db_stateancient_size,619686.0,623101.0,1.0055108554977843,0.005495726291421096
system_disk_writebytes,65101432.5,64749442.0,0.9945931988516535,-0.005421470798824386
system_disk_writedata,65101432.5,64749442.0,0.9945931988516535,-0.005421470798824386
pathdb_dirty_node_depth_count,28091.0,28239.5,1.00528639065893,0.005272466745770045
pathdb_dirty_node_hit,28091.0,28239.5,1.00528639065893,0.005272466745770045
chain_storage_reads_cache_process_hit,1325.0,1332.0,1.0052830188679245,0.005269112680011817
rpc_duration_eth_sendRawTransaction_success {quantile=0.95},1722187.5,1731044.0,1.0051425875521685,0.005129409608646257
rpc_duration_eth_sendRawTransaction_success {quantile=0.9999},1722187.5,1731044.0,1.0051425875521685,0.005129409608646257
rpc_duration_eth_sendRawTransaction_success {quantile=0.999},1722187.5,1731044.0,1.0051425875521685,0.005129409608646257
rpc_duration_eth_sendRawTransaction_success {quantile=0.99},1722187.5,1731044.0,1.0051425875521685,0.005129409608646257
chain_mgasps {quantile=0.95},103.5,103.0,0.9951690821256038,-0.004842624475788015
chain_mgasps {quantile=0.9999},103.5,103.0,0.9951690821256038,-0.004842624475788015
chain_mgasps {quantile=0.999},103.5,103.0,0.9951690821256038,-0.004842624475788015
chain_mgasps {quantile=0.99},103.5,103.0,0.9951690821256038,-0.004842624475788015
chain_prefetch_executes {quantile=0.95},852125371.5,850050812.5,0.9975654298423856,-0.002437538542346537
chain_prefetch_executes {quantile=0.9999},852125371.5,850050812.5,0.9975654298423856,-0.002437538542346537
chain_prefetch_executes {quantile=0.999},852125371.5,850050812.5,0.9975654298423856,-0.002437538542346537
chain_prefetch_executes {quantile=0.99},852125371.5,850050812.5,0.9975654298423856,-0.002437538542346537
chain_inserts {quantile=0.95},963523169.5,965828739.5,1.002392853719539,0.002389995403856934
chain_inserts {quantile=0.9999},963523169.5,965828739.5,1.002392853719539,0.002389995403856934
chain_inserts {quantile=0.999},963523169.5,965828739.5,1.002392853719539,0.002389995403856934
chain_inserts {quantile=0.99},963523169.5,965828739.5,1.002392853719539,0.002389995403856934
chain_head_block,2271.0,2276.0,1.0022016732716865,0.002199253140663112
chain_head_header,2271.0,2276.0,1.0022016732716865,0.002199253140663112
chain_head_receipt,2271.0,2276.0,1.0022016732716865,0.002199253140663112
chain_head_safe,2271.0,2276.0,1.0022016732716865,0.002199253140663112
pathdb_lookup_add_time {quantile=0.95},2759047.3999999953,2764400.099999998,1.0019400536576513,0.0019381741840145239
rpc_duration_miner_setGasLimit_success {quantile=0.5},21027.5,20988.0,0.9981215075496374,-0.0018802590299900111
rpc_duration_miner_setGasLimit_success {quantile=0.75},21027.5,20988.0,0.9981215075496374,-0.0018802590299900111
rpc_duration_miner_setGasLimit_success {quantile=0.95},21027.5,20988.0,0.9981215075496374,-0.0018802590299900111
rpc_duration_miner_setGasLimit_success {quantile=0.9999},21027.5,20988.0,0.9981215075496374,-0.0018802590299900111
rpc_duration_miner_setGasLimit_success {quantile=0.999},21027.5,20988.0,0.9981215075496374,-0.0018802590299900111
rpc_duration_miner_setGasLimit_success {quantile=0.99},21027.5,20988.0,0.9981215075496374,-0.0018802590299900111
eth_db_chaindata_compact_output,61960096.0,62022184.5,1.0010020723660595,0.0010015706267042467
eth_db_stateancient_write,1605.5,1607.0,1.0009342883836811,0.0009338522079440152
eth_db_chaindata_compact_input,62036906.0,62082977.5,1.0007426466432738,0.0007423710177086123
eth_db_chaindata_ancient_size,5280003.0,5282425.0,1.0004587118605803,0.0004586066844572721
blobpool_resettime {quantile=0.95},1295826.7499999993,1295569.8749999995,0.9998017674816485,-0.0001982521690141357
blobpool_basefee,7.0,7.0,1.0,0.0
blobpool_blobfee,1.0,1.0,1.0,0.0
blobpool_datacap,2684354560.0,2684354560.0,1.0,0.0
blobpool_pendtime_count,16.0,16.0,1.0,0.0
blobpool_pendwait_count,16.0,16.0,1.0,0.0
blobpool_pooltip,1.0,1.0,1.0,0.0
blobpool_resettime_count,32.0,32.0,1.0,0.0
blobpool_resetwait_count,32.0,32.0,1.0,0.0
chain_account_commits_count,16.0,16.0,1.0,0.0
chain_account_hashes_count,16.0,16.0,1.0,0.0
chain_account_reads_count,16.0,16.0,1.0,0.0
chain_account_single_reads_count,16.0,16.0,1.0,0.0
chain_account_updates_count,16.0,16.0,1.0,0.0
chain_code_readbytes {quantile=0.5},2958.0,2958.0,1.0,0.0
chain_code_readbytes {quantile=0.75},2958.0,2958.0,1.0,0.0
chain_code_readbytes {quantile=0.95},2958.0,2958.0,1.0,0.0
chain_code_readbytes {quantile=0.9999},2958.0,2958.0,1.0,0.0
chain_code_readbytes {quantile=0.999},2958.0,2958.0,1.0,0.0
chain_code_readbytes {quantile=0.99},2958.0,2958.0,1.0,0.0
chain_code_readbytes_count,1.0,1.0,1.0,0.0
chain_code_reads_count,1.0,1.0,1.0,0.0
chain_code_single_reads_count,1.0,1.0,1.0,0.0
chain_crossvalidation_count,16.0,16.0,1.0,0.0
chain_execution_count,16.0,16.0,1.0,0.0
chain_head_finalized,2256.0,2256.0,1.0,0.0
chain_info {chain_id=1337},1.0,1.0,1.0,0.0
chain_inserts_count,16.0,16.0,1.0,0.0
chain_mgasps_count,16.0,16.0,1.0,0.0
chain_prefetch_executes_count,16.0,16.0,1.0,0.0
chain_prefetch_txs_valid,4.0,4.0,1.0,0.0
chain_storage_commits_count,16.0,16.0,1.0,0.0
chain_storage_reads_count,1.0,1.0,1.0,0.0
chain_storage_single_reads_count,1.0,1.0,1.0,0.0
chain_storage_updates_count,16.0,16.0,1.0,0.0
chain_triedb_commits_count,16.0,16.0,1.0,0.0
chain_validation_count,16.0,16.0,1.0,0.0
chain_write_count,16.0,16.0,1.0,0.0
eth_db_chaindata_compact_level0,1.0,1.0,1.0,0.0
eth_db_chaindata_table_live,2.0,2.0,1.0,0.0
filtermaps_maps_blocks,16.0,16.0,1.0,0.0
filtermaps_maps_count,1.0,1.0,1.0,0.0
filtermaps_maps_logvalues,16.0,16.0,1.0,0.0
filtermaps_maps_rendertime_count,16.0,16.0,1.0,0.0
filtermaps_maps_writetime_count,16.0,16.0,1.0,0.0
geth_info {arch=amd64; os=linux; protocols=eth/70;eth/69;snap/1; version=1.17.3-unstable},1.0,1.0,1.0,0.0
pathdb_dirty_node_depth {quantile=0.9999},128.0,128.0,1.0,0.0
pathdb_dirty_node_depth {quantile=0.999},128.0,128.0,1.0,0.0
pathdb_gc_account_bytes,852.0,852.0,1.0,0.0
pathdb_gc_account_count,14.0,14.0,1.0,0.0
pathdb_history_state_bytes_data,350.0,350.0,1.0,0.0
pathdb_history_state_bytes_index,1537.0,1537.0,1.0,0.0
pathdb_history_state_time_count,3.0,3.0,1.0,0.0
pathdb_lookup_add_time_count,131.0,131.0,1.0,0.0
pathdb_lookup_remove_time_count,3.0,3.0,1.0,0.0
rpc_duration_all_count,27035.0,27035.0,1.0,0.0
rpc_duration_eth_blobBaseFee_success_count,1.0,1.0,1.0,0.0
rpc_duration_eth_chainId_success_count,2.0,2.0,1.0,0.0
rpc_duration_eth_gasPrice_success_count,1.0,1.0,1.0,0.0
rpc_duration_eth_getBalance_success_count,9008.0,9008.0,1.0,0.0
rpc_duration_eth_getCode_success_count,9002.0,9002.0,1.0,0.0
rpc_duration_eth_getTransactionByHash_success_count,10.0,10.0,1.0,0.0
rpc_duration_eth_getTransactionCount_success_count,9004.0,9004.0,1.0,0.0
rpc_duration_eth_getTransactionReceipt_success_count,1.0,1.0,1.0,0.0
rpc_duration_eth_maxPriorityFeePerGas_success_count,1.0,1.0,1.0,0.0
rpc_duration_eth_sendRawTransaction_success_count,4.0,4.0,1.0,0.0
rpc_duration_miner_setGasLimit_success_count,1.0,1.0,1.0,0.0
rpc_requests,27035.0,27035.0,1.0,0.0
rpc_success,27035.0,27035.0,1.0,0.0
state_read_account,176.0,176.0,1.0,0.0
state_read_storage,5002.0,5002.0,1.0,0.0
state_update_account,9.0,9.0,1.0,0.0
state_update_storage,1427.0,1427.0,1.0,0.0
system_cpu_goroutines,83.0,83.0,1.0,0.0
system_cpu_schedlatency {quantile=0.999},12582912.0,12582912.0,1.0,0.0
system_cpu_schedlatency {quantile=0.99},5242880.0,5242880.0,1.0,0.0
system_cpu_threads,16.0,16.0,1.0,0.0
system_memory_pauses {quantile=0.5},32768.0,32768.0,1.0,0.0
system_memory_pauses {quantile=0.75},49152.0,49152.0,1.0,0.0
system_memory_pauses {quantile=0.99},327680.0,327680.0,1.0,0.0
trie_prefetch_chain_account_dup_write,1.0,1.0,1.0,0.0
trie_prefetch_chain_account_load_write,9.0,9.0,1.0,0.0
trie_prefetch_miner_account_dup_write,1.0,1.0,1.0,0.0
trie_prefetch_miner_account_load_write,9.0,9.0,1.0,0.0
txpool_dropbetweenreorg_count,36.0,36.0,1.0,0.0
txpool_local,4.0,4.0,1.0,0.0
txpool_reheap_count,35.0,35.0,1.0,0.0
txpool_reorgtime_count,36.0,36.0,1.0,0.0
txpool_valid,4.0,4.0,1.0,0.0
